topic,count,keywords,llm_name,llm_description
0,51605,"cs, just, like, students, class, classes, time, student, school, people",Academic Experience,"Students navigating course registration, advising, and academic challenges within the university."
1,14533,"campus, housing, dining, just, like, food, room, student, good, apartment",Housing & Dining,"Discussions about on‑campus and off‑campus housing options, apartment subleases, and nearby food and dining spots for students."
2,7741,"game, football, coach, won, collins, jackets, team, win, geoff, bowl",College Football,"Discussions about college football games, coaches, teams, and fan culture."
3,6069,"people, campus, trump, rally, vote, israel, student, just, like, today",Campus Politics,"Discussions about student participation in political rallies, campus activism, and engagement with national political issues."
4,3928,"bike, parking, bus, scooter, car, marta, scooters, stop, gtpd, just",Campus Transportation,"Issues and discussions about campus transportation options, parking, bike safety, bus routes, and related infrastructure."
5,2795,"buzz, green, logo, campus, buzzcard, grass, touch grass, just, free, touch",Student Life & Culture,"Posts covering campus events, student activities, and everyday life on campus."
6,2011,"post, reddit, title, deleted, title title, removed, posts, deleted anonymized, mass deleted, anonymized redact",Reddit Platform Issues,"Discussions about Reddit’s API changes, platform policies, and post deletions affecting users."
7,2405,"email, phishing, office, security, scam, account, cybersecurity, duo, university, access",Cybersecurity & Online Safety,Campus email phishing alerts and cybersecurity concerns.
8,1767,"insurance, health, stamps, plan, free, mental, health insurance, mental health, care, campus",Student Health Services,"Information and discussions about campus health insurance plans, mental health coverage, and related student health services."
9,934,"water, shower, culc, pillows, deodorant, smell, anime, body, body pillows, anime body",Dorm Life,"Issues and concerns related to dormitory living, such as laundry, showers, water usage, and personal items."
10,856,"quant, threads, quant quant, thread, cs, intel, sysarch, computer, info, finance",Academic Planning,"Students discuss choosing majors, courses, and career paths, including CS threads, quant finance, and related academic decisions."
11,599,"wear, sick, mask, wearing, white, wear mask, masks, wear white, cough, stay home",Health & Safety,"Guidelines and discussions about mask usage, staying home when sick, and campus health protocols."
12,993,"feel, time, like, feel like, just, life, feeling, days, discrete, study",Mental Health & Well‑Being,"Students discuss feelings of stress, depression, burnout, and seek support or coping strategies."
13,503,"eduroam, ethernet, wifi, internet, sq5, ports, connect, connected, ethernet ports, eduroam connected",Internet & Connectivity,"Students report issues with campus Wi‑Fi, eduroam, and wired internet connections, including outages and disabled ports."
14,376,"filmed, movie, film, filming, movies, studios, buzz studios, club, captain america, captain",Film & Media,"Discussions about campus film production, movie filming locations, and student film clubs."
15,512,"use, textbooks, book, chem, sheet, buy, cheat, cheat sheet, lab, notes",Academic Resources,"Information on textbooks, cheat sheets, lab equipment, and study tools available to students."
16,306,"future, want built, future doesnt, came build, build future, future future, doesnt want, build, built, came",Career & Future Planning,"Discussions about future career goals, internships, and professional development."
17,297,"skiles, klaus, leer, van leer, van, vs, skiles renovated, klaus vs, vs skiles, skiles skiles",Campus Buildings,"Students discuss building renovations, upgrades, and facility issues across campus."
18,376,"test, tests, professors, writing, late, reading writing, writing test, late 70s, mandatory reading, test late",Academic Assessments,"Discussions about exams, tests, and assessment practices, including test design, preparation tips, and professor-related concerns."
19,269,"barbers, good, near, near campus, hair, campus, great clips, barbers near, haircuts, clips",Student Services,Recommendations for barbers and haircut services located near campus for students.
20,268,"tax, paid, pay, parents, compensated, worked, working, stop working, fair stop, working compensated",Employment & Labor,"Discussions about wages, employee rights, and compensation disputes."
21,171,"pickleball, courts, archery, play, club, rotate, pickleball courts, combat, stay theyre, mess rotate",Sports & Recreation,"Discussions about campus sports facilities, club activities, and scheduling for games such as pickleball and archery."
22,169,"pattern, list, worst list, pattern worst, worst, class number, uh whats, number socialist, socialist algorithms, whats class",Course Registration & Schedules,"Information about class numbers, course listings, registration dates, and academic schedules for students."
23,228,"track, does know, stairs, does, know, style stairs, stairs culc, architectural style, know architectural, architectural",Campus Facilities,"Questions about university building features, architectural details, and usage of campus facilities."
24,106,"ring, piercings, employers, class ring, comes, inappropriate piercings, piercings comes, comes employers, inappropriate, fitten",Student Life,"Explores campus traditions, student identity symbols, and appearance concerns related to career readiness."
25,242,"help, github, coding, rstudio, rstudio help, coding rstudio, finding github, help finding, help having, having hard",Technology & IT Support,"Students seeking help with coding, software, and university tech services, including RStudio, GitHub, and campus login issues."
26,36,"pasta, cheese, macaroni, cheese pasta, macaroni cheese, pasta yes, sauce, pasta macaroni, mac cheese, dish",Dining & Food,"Discussions about pasta dishes, especially mac and cheese, and general food topics."
27,60,"ws, ls, losers, later losers, ya later, ws ya, ls ws, ya, later, transcript",Academic Policies,"Discussions about withdrawal grades, transcript issues, add/drop policies, and academic record management."
28,84,"leg, design, does want, prosthetic, design prosthetic, leg cat, prosthetic leg, help design, cat, want help",Pet Care,"Students discussing assistance and care for their pets, including prosthetic design and support."
