filename_key,livelier
G_GT_1_0#0,6.190000057220459
G_GT_1_0#1,5.039999961853027
G_GT_1_0#2,0.7200000286102295
G_GT_1_0#3,6.179999828338623
G_GT_1_0#4,8.09000015258789
G_GT_1_0#5,3.4000000953674316
G_GT_1_0#6,6.420000076293945
G_GT_1_0#7,2.200000047683716
G_GT_1_0#8,3.240000009536743
G_GT_1_0#9,5.260000228881836
G_GT_1_0#10,6.840000152587891
G_GT_1_0#11,4.679999828338623
G_GT_1_0#12,3.680000066757202
G_GT_1_0#13,5.800000190734863
G_GT_1_0#14,6.960000038146973
G_GT_1_0#15,1.590000033378601
G_GT_1_9#0,4.119999885559082
G_GT_1_9#1,5.650000095367432
G_GT_1_9#2,5.190000057220459
G_GT_1_9#3,7.980000019073486
G_GT_1_9#4,4.130000114440918
G_GT_1_9#5,3.390000104904175
G_GT_1_9#6,3.359999895095825
G_GT_1_9#7,4.039999961853027
G_GT_1_17#0,5.71999979019165
G_GT_1_17#1,8.449999809265137
G_GT_1_17#2,1.3300000429153442
G_GT_1_17#3,2.5799999237060547
G_GT_1_63#0,1.8200000524520874
G_GT_1_69#0,2.880000114440918
G_GT_1_84#0,4.78000020980835
G_GT_1_87#0,7.53000020980835
G_GT_1_87#1,3.9200000762939453
G_GT_2_0#0,3.130000114440918
G_GT_2_1#0,7.940000057220459
G_GT_2_1#1,7.119999885559082
G_GT_2_1#2,2.890000104904175
G_GT_2_1#3,1.9700000286102295
G_GT_2_1#4,2.7699999809265137
G_GT_2_1#5,5.53000020980835
G_GT_2_1#6,1.7200000286102295
G_GT_2_1#7,3.240000009536743
G_GT_2_1#8,4.900000095367432
G_GT_2_1#9,4.449999809265137
G_GT_2_1#10,3.009999990463257
G_GT_2_1#11,6.46999979019165
G_GT_2_1#12,4.519999980926514
G_GT_2_1#13,5.119999885559082
G_GT_2_1#14,2.9700000286102295
G_GT_2_5#0,2.799999952316284
G_GT_2_5#1,1.4700000286102295
G_GT_2_5#2,5.71999979019165
G_GT_2_5#3,2.140000104904175
G_GT_2_5#4,3.3399999141693115
G_GT_2_5#5,3.5399999618530273
G_GT_2_5#6,4.730000019073486
G_GT_2_10#0,5.110000133514404
G_GT_2_13#0,4.960000038146973
G_GT_2_13#1,1.559999942779541
G_GT_2_26#0,4.860000133514404
G_GT_2_26#1,0.7799999713897705
G_GT_3_2#0,2.1600000858306885
G_GT_3_5#0,3.9000000953674316
G_GT_3_5#1,6.670000076293945
G_GT_3_5#2,4.889999866485596
G_GT_3_5#3,1.850000023841858
G_GT_3_5#4,8.149999618530273
G_GT_3_5#5,7.559999942779541
G_GT_3_5#6,1.590000033378601
G_GT_3_5#7,3.990000009536743
G_GT_3_5#8,6.059999942779541
G_GT_4_12#0,1.059999942779541
G_GT_4_12#1,1.899999976158142
G_GT_4_12#2,0.36000001430511475
G_GT_4_12#3,4.5
G_GT_4_12#4,3.059999942779541
G_GT_4_12#5,1.7799999713897705
G_GT_4_12#6,6.019999980926514
G_GT_4_12#7,5.730000019073486
G_GT_4_12#8,3.4200000762939453
G_GT_4_12#9,1.2899999618530273
G_GT_4_12#10,2.450000047683716
G_GT_4_12#11,2.2699999809265137
G_GT_4_12#12,0.75
G_GT_4_12#13,1.399999976158142
G_GT_4_12#14,1.659999966621399
G_GT_4_12#15,2.369999885559082
G_GT_4_12#16,2.630000114440918
G_GT_4_12#17,2.6700000762939453
G_GT_4_12#18,1.409999966621399
G_GT_4_12#19,0.8399999737739563
G_GT_4_12#20,1.9500000476837158
G_GT_4_12#21,1.1299999952316284
G_GT_4_12#22,1.909999966621399
G_GT_4_12#23,1.7300000190734863
G_GT_4_12#24,1.340000033378601
G_GT_4_12#25,1.5199999809265137
G_GT_4_12#26,1.4299999475479126
G_GT_4_12#27,1.659999966621399
G_GT_4_12#28,5.489999771118164
G_GT_4_12#29,2.740000009536743
G_GT_4_12#30,1.850000023841858
G_GT_4_12#31,1.7200000286102295
G_GT_4_12#32,3.049999952316284
G_GT_4_12#33,3.430000066757202
G_GT_4_12#34,2.890000104904175
G_GT_4_12#35,3.7200000286102295
G_GT_4_12#36,7.389999866485596
G_GT_4_12#37,3.9000000953674316
G_GT_4_12#38,4.380000114440918
G_GT_4_12#39,5.380000114440918
G_GT_4_12#40,4.199999809265137
G_GT_4_12#41,6.480000019073486
G_GT_4_12#42,3.430000066757202
G_GT_4_12#43,1.1299999952316284
G_GT_4_42#0,4.699999809265137
G_GT_4_42#1,0.6299999952316284
G_GT_5_9#0,2.4100000858306885
G_GT_5_9#1,3.7699999809265137
G_GT_5_9#2,3.009999990463257
G_GT_5_9#3,3.5199999809265137
G_GT_5_9#4,3.7899999618530273
G_GT_5_11#0,7.949999809265137
G_GT_5_21#0,2.9800000190734863
G_GT_5_21#1,1.9700000286102295
G_GT_5_21#2,0.8799999952316284
G_GT_5_21#3,0.9100000262260437
G_GT_5_21#4,0.550000011920929
G_GT_5_21#5,1.409999966621399
G_GT_5_21#6,5.659999847412109
G_GT_5_21#7,3.4600000381469727
G_GT_5_21#8,6.619999885559082
G_GT_5_21#9,5.21999979019165
G_GT_5_21#10,5.260000228881836
G_GT_5_22#0,3.9800000190734863
G_GT_5_22#1,5.829999923706055
G_GT_5_22#2,5.96999979019165
G_GT_5_22#3,3.059999942779541
G_GT_5_22#4,7.960000038146973
G_GT_5_22#5,6.110000133514404
G_GT_5_22#6,7.940000057220459
G_GT_5_22#7,2.6500000953674316
G_GT_5_22#8,5.550000190734863
G_GT_5_22#9,6.0
G_GT_5_22#10,1.4299999475479126
G_GT_5_22#11,1.7999999523162842
G_GT_5_22#12,4.349999904632568
G_GT_5_22#13,5.679999828338623
G_GT_5_22#14,5.320000171661377
G_GT_5_22#15,6.590000152587891
G_GT_5_22#16,5.679999828338623
G_GT_5_22#17,5.460000038146973
G_GT_5_32#0,3.240000009536743
G_GT_5_59#0,4.559999942779541
G_GT_5_59#1,1.149999976158142
G_GT_5_125#0,6.579999923706055
G_GT_5_125#1,4.989999771118164
G_GT_5_125#2,3.240000009536743
G_GT_5_125#3,5.059999942779541
G_GT_5_125#4,5.849999904632568
G_GT_5_162#0,3.809999942779541
G_GT_5_162#1,7.0
G_GT_5_162#2,4.309999942779541
G_GT_5_162#3,4.96999979019165
G_GT_5_162#4,5.170000076293945
G_GT_5_188#0,2.4800000190734863
G_GT_6_85#0,2.3499999046325684
G_GT_6_91#0,4.320000171661377
G_GT_6_283#0,8.65999984741211
G_GT_6_283#1,3.609999895095825
G_GT_6_283#2,2.4800000190734863
G_GT_6_283#3,7.71999979019165
G_GT_6_338#0,1.8799999952316284
G_GT_6_338#1,3.309999942779541
G_GT_6_338#2,3.4700000286102295
G_GT_6_338#3,2.009999990463257
G_GT_6_338#4,3.180000066757202
G_GT_6_338#5,2.4800000190734863
G_GT_6_349#0,4.739999771118164
G_GT_6_349#1,8.1899995803833
G_GT_6_349#2,4.519999980926514
G_GT_6_349#3,6.75
G_GT_6_349#4,6.96999979019165
G_GT_6_349#5,4.139999866485596
G_GT_6_349#6,7.610000133514404
G_GT_6_356#0,5.5
G_GT_6_356#1,9.119999885559082
G_GT_6_356#2,7.050000190734863
G_GT_6_356#3,2.5299999713897705
G_GT_6_356#4,1.2699999809265137
G_GT_6_356#5,1.659999966621399
G_GT_6_356#6,2.9000000953674316
G_GT_6_384#0,8.1899995803833
G_GT_6_384#1,4.989999771118164
G_GT_6_384#2,2.7799999713897705
G_GT_6_384#3,4.5
G_GT_6_384#4,3.3499999046325684
G_GT_6_384#5,0.6100000143051147
G_GT_6_384#6,1.6200000047683716
G_GT_6_384#7,1.899999976158142
G_GT_6_399#0,4.869999885559082
G_GT_6_423#0,3.5
G_GT_6_423#1,8.520000457763672
G_GT_6_423#2,7.28000020980835
G_GT_6_423#3,3.119999885559082
G_GT_6_423#4,6.510000228881836
G_GT_6_423#5,5.75
G_GT_6_423#6,3.130000114440918
G_GT_6_423#7,4.789999961853027
G_GT_6_436#0,6.050000190734863
G_GT_6_458#0,3.680000066757202
G_GT_6_458#1,7.429999828338623
G_GT_6_479#0,1.3200000524520874
G_GT_6_479#1,3.759999990463257
G_GT_6_486#0,1.2400000095367432
G_GT_6_489#0,1.100000023841858
G_GT_6_489#1,0.6100000143051147
G_GT_6_489#2,1.1699999570846558
G_GT_6_489#3,2.9600000381469727
G_GT_6_525#0,4.949999809265137
G_GT_6_545#0,7.360000133514404
G_GT_6_545#1,6.599999904632568
G_GT_6_545#2,3.859999895095825
G_GT_6_545#3,1.8600000143051147
G_GT_6_553#0,1.409999966621399
G_GT_6_595#0,3.880000114440918
G_GT_6_595#1,6.179999828338623
G_GT_6_612#0,6.96999979019165
G_GT_6_612#1,7.900000095367432
G_GT_6_612#2,2.4600000381469727
G_GT_6_612#3,1.2400000095367432
G_GT_6_612#4,3.5899999141693115
G_GT_6_612#5,5.659999847412109
G_GT_6_612#6,2.1500000953674316
G_GT_6_612#7,3.630000114440918
G_GT_6_612#8,1.9700000286102295
G_GT_6_612#9,2.319999933242798
G_GT_6_612#10,1.909999966621399
G_GT_6_612#11,7.079999923706055
G_GT_6_619#0,4.889999866485596
G_GT_6_619#1,1.559999942779541
G_GT_6_619#2,2.8499999046325684
G_GT_6_621#0,5.03000020980835
G_GT_6_621#1,7.409999847412109
G_GT_6_621#2,6.590000152587891
G_GT_6_621#3,3.8499999046325684
G_GT_6_621#4,2.309999942779541
G_GT_6_621#5,0.49000000953674316
G_GT_6_621#6,0.33000001311302185
G_GT_6_621#7,2.4600000381469727
G_GT_6_621#8,1.6699999570846558
G_GT_6_621#9,2.0999999046325684
G_GT_6_626#0,1.0299999713897705
G_GT_6_701#0,2.4600000381469727
G_GT_6_701#1,4.650000095367432
G_GT_6_706#0,5.809999942779541
G_GT_6_706#1,6.070000171661377
G_GT_6_706#2,2.8499999046325684
G_GT_6_774#0,6.920000076293945
G_GT_6_817#0,5.460000038146973
G_GT_6_880#0,4.230000019073486
G_GT_6_888#0,4.570000171661377
G_GT_6_911#0,5.239999771118164
G_GT_6_911#1,4.050000190734863
G_GT_6_911#2,2.5799999237060547
G_GT_6_1002#0,5.130000114440918
G_GT_6_1002#1,6.340000152587891
G_GT_6_1002#2,6.309999942779541
G_GT_6_1002#3,6.21999979019165
G_GT_6_1002#4,1.9900000095367432
G_GT_6_1052#0,5.0
G_GT_6_1068#0,3.6700000762939453
G_GT_6_1068#1,3.9600000381469727
G_GT_6_1068#2,5.0
G_GT_6_1068#3,2.450000047683716
G_GT_6_1068#4,0.699999988079071
G_GT_6_1068#5,0.3499999940395355
G_GT_6_1068#6,5.099999904632568
G_GT_6_1068#7,0.4099999964237213
G_GT_6_1068#8,0.7599999904632568
G_GT_6_1068#9,3.8499999046325684
G_GT_6_1068#10,1.9199999570846558
G_GT_6_1068#11,3.9700000286102295
G_GT_6_1068#12,5.099999904632568
G_GT_6_1223#0,6.909999847412109
G_GT_6_1226#0,2.450000047683716
G_GT_6_1226#1,6.940000057220459
G_GT_6_1293#0,3.559999942779541
G_GT_6_1293#1,2.859999895095825
G_GT_6_1293#2,3.6700000762939453
G_GT_6_1293#3,2.369999885559082
G_GT_6_1293#4,3.6700000762939453
G_GT_6_1293#5,2.859999895095825
G_GT_6_1293#6,2.369999885559082
G_GT_6_1293#7,3.6700000762939453
G_GT_6_1293#8,2.859999895095825
G_GT_6_1293#9,2.369999885559082
G_GT_6_1294#0,6.309999942779541
G_GT_6_1294#1,3.450000047683716
G_GT_6_1294#2,3.0799999237060547
G_GT_6_1296#0,1.690000057220459
G_GT_6_1303#0,5.369999885559082
G_GT_6_1303#1,2.569999933242798
G_GT_6_1306#0,2.680000066757202
G_GT_6_1306#1,4.199999809265137
G_GT_6_1315#0,4.460000038146973
G_GT_6_1316#0,6.880000114440918
G_GT_6_1316#1,6.760000228881836
G_GT_6_1320#0,3.240000009536743
G_GT_6_1320#1,3.0399999618530273
G_GT_6_1340#0,3.4100000858306885
G_GT_6_1340#1,0.8899999856948853
G_GT_6_1340#2,9.779999732971191
G_GT_6_1340#3,9.300000190734863
G_GT_6_1345#0,4.420000076293945
G_GT_6_1345#1,2.799999952316284
G_GT_6_1367#0,4.210000038146973
G_GT_6_1367#1,0.7200000286102295
G_GT_6_1367#2,6.710000038146973
G_GT_6_1367#3,2.3399999141693115
G_GT_6_1375#0,0.8899999856948853
G_GT_6_1375#1,0.7900000214576721
G_GT_6_1376#0,8.640000343322754
G_GT_6_1380#0,1.2899999618530273
G_GT_6_1384#0,2.819999933242798
G_GT_6_1384#1,6.340000152587891
G_GT_6_1384#2,4.070000171661377
G_GT_6_1384#3,4.619999885559082
G_GT_6_1384#4,1.3600000143051147
G_GT_6_1393#0,3.990000009536743
G_GT_6_1394#0,7.269999980926514
G_GT_6_1394#1,2.4800000190734863
G_GT_6_1407#0,1.1799999475479126
G_GT_6_1418#0,5.78000020980835
G_GT_6_1419#0,1.7200000286102295
G_GT_6_1419#1,8.470000267028809
G_GT_6_1419#2,4.320000171661377
G_GT_6_1421#0,5.369999885559082
G_GT_6_1421#1,3.640000104904175
G_GT_6_1421#2,0.5299999713897705
G_GT_6_1421#3,4.800000190734863
G_GT_6_1423#0,3.4100000858306885
G_GT_6_1423#1,5.75
G_GT_6_1423#2,1.1799999475479126
G_GT_6_1443#0,5.010000228881836
G_GT_6_1443#1,4.480000019073486
G_GT_6_1443#2,2.859999895095825
G_GT_6_1443#3,8.6899995803833
G_GT_6_1443#4,3.680000066757202
G_GT_6_1443#5,4.909999847412109
G_GT_6_1443#6,8.90999984741211
G_GT_6_1443#7,5.25
G_GT_6_1443#8,5.25
G_GT_6_1443#9,8.930000305175781
G_GT_6_1443#10,4.440000057220459
G_GT_6_1443#11,8.8100004196167
G_GT_6_1443#12,5.150000095367432
G_GT_6_1443#13,8.0600004196167
G_GT_6_1443#14,8.729999542236328
G_GT_6_1443#15,6.070000171661377
G_GT_6_1443#16,1.75
G_GT_6_1443#17,1.8799999952316284
G_GT_6_1443#18,1.5
G_GT_6_1443#19,2.859999895095825
G_GT_6_1443#20,6.849999904632568
G_GT_6_1443#21,2.4100000858306885
G_GT_6_1443#22,7.829999923706055
G_GT_6_1443#23,3.7300000190734863
G_GT_6_1444#0,5.480000019073486
G_GT_6_1444#1,1.4800000190734863
G_GT_6_1444#2,2.890000104904175
G_GT_6_1444#3,3.809999942779541
G_GT_6_1458#0,4.570000171661377
G_GT_6_1458#1,3.049999952316284
G_GT_6_1458#2,3.2699999809265137
G_GT_6_1458#3,3.8399999141693115
G_GT_6_1458#4,2.190000057220459
G_GT_6_1458#5,3.4800000190734863
G_GT_6_1458#6,1.3600000143051147
G_GT_6_1458#7,3.119999885559082
G_GT_6_1459#0,3.7799999713897705
G_GT_6_1459#1,2.380000114440918
G_GT_6_1463#0,1.2400000095367432
G_GT_6_1464#0,5.849999904632568
G_GT_6_1464#1,0.9200000166893005
G_GT_6_1464#2,1.0
G_GT_6_1485#0,9.319999694824219
G_GT_6_1485#1,4.989999771118164
G_GT_6_1485#2,6.559999942779541
G_GT_6_1492#0,3.619999885559082
G_GT_6_1492#1,4.96999979019165
G_GT_6_1494#0,0.6100000143051147
G_GT_6_1500#0,2.4700000286102295
G_GT_6_1500#1,1.8200000524520874
G_GT_6_1500#2,4.099999904632568
G_GT_6_1502#0,3.1500000953674316
G_GT_6_1502#1,0.20999999344348907
G_GT_6_1502#2,1.7000000476837158
G_GT_6_1502#3,1.7799999713897705
G_GT_6_1505#0,3.490000009536743
G_GT_6_1505#1,3.1700000762939453
G_GT_6_1510#0,2.7799999713897705
G_GT_6_1510#1,2.75
G_GT_6_1515#0,3.3499999046325684
G_GT_6_1515#1,2.1700000762939453
G_GT_6_1515#2,3.5399999618530273
G_GT_6_1518#0,3.3499999046325684
G_GT_6_1518#1,4.730000019073486
G_GT_6_1518#2,5.25
G_GT_6_1518#3,4.75
G_GT_6_1518#4,1.8600000143051147
G_GT_6_1518#5,3.5799999237060547
G_GT_6_1518#6,4.889999866485596
G_GT_6_1518#7,0.44999998807907104
G_GT_6_1518#8,1.6100000143051147
G_GT_6_1518#9,0.8199999928474426
G_GT_6_1518#10,1.940000057220459
G_GT_6_1518#11,3.1500000953674316
G_GT_6_1518#12,3.140000104904175
G_GT_6_1518#13,4.119999885559082
G_GT_6_1518#14,2.5799999237060547
G_GT_6_1518#15,4.53000020980835
G_GT_6_1518#16,3.9100000858306885
G_GT_6_1519#0,2.559999942779541
G_GT_6_1525#0,6.820000171661377
G_GT_6_1525#1,7.03000020980835
G_GT_6_1525#2,1.1399999856948853
G_GT_6_1525#3,1.4299999475479126
G_GT_6_1525#4,1.7000000476837158
G_GT_6_1525#5,5.159999847412109
G_GT_6_1525#6,2.119999885559082
G_GT_6_1525#7,3.940000057220459
G_GT_6_1525#8,0.800000011920929
G_GT_6_1525#9,3.6600000858306885
G_GT_6_1527#0,5.940000057220459
G_GT_6_1527#1,5.809999942779541
G_GT_6_1527#2,1.1100000143051147
G_GT_6_1527#3,5.170000076293945
G_GT_6_1527#4,6.0
G_GT_6_1527#5,5.119999885559082
G_GT_6_1527#6,2.7799999713897705
G_GT_6_1527#7,3.9100000858306885
G_GT_6_1527#8,6.809999942779541
G_GT_6_1527#9,5.300000190734863
G_GT_6_1527#10,3.7100000381469727
G_GT_6_1527#11,6.050000190734863
G_GT_6_1527#12,2.4200000762939453
G_GT_6_1527#13,7.789999961853027
G_GT_6_1527#14,3.609999895095825
G_GT_6_1527#15,6.0
G_GT_6_1527#16,3.069999933242798
G_GT_6_1527#17,5.5
G_GT_6_1527#18,6.289999961853027
G_GT_6_1527#19,4.670000076293945
G_GT_6_1527#20,7.369999885559082
G_GT_6_1527#21,4.699999809265137
G_GT_6_1527#22,2.9000000953674316
G_GT_6_1527#23,4.559999942779541
G_GT_6_1527#24,5.150000095367432
G_GT_6_1527#25,5.289999961853027
G_GT_6_1527#26,7.579999923706055
G_GT_6_1527#27,1.7100000381469727
G_GT_6_1527#28,3.9100000858306885
G_GT_6_1527#29,5.880000114440918
G_GT_6_1527#30,3.680000066757202
G_GT_6_1527#31,3.4200000762939453
G_GT_6_1527#32,4.389999866485596
G_GT_6_1527#33,6.78000020980835
G_GT_6_1527#34,4.260000228881836
G_GT_6_1527#35,4.380000114440918
G_GT_6_1527#36,2.9100000858306885
G_GT_6_1527#37,5.840000152587891
G_GT_6_1527#38,5.019999980926514
G_GT_6_1527#39,4.46999979019165
G_GT_6_1527#40,2.1500000953674316
G_GT_6_1527#41,4.630000114440918
G_GT_6_1527#42,3.319999933242798
G_GT_6_1527#43,4.889999866485596
G_GT_6_1527#44,3.7899999618530273
G_GT_6_1527#45,4.630000114440918
G_GT_6_1527#46,7.079999923706055
G_GT_6_1527#47,0.8299999833106995
G_GT_6_1527#48,5.059999942779541
G_GT_6_1527#49,4.260000228881836
G_GT_6_1529#0,3.609999895095825
G_GT_6_1529#1,6.760000228881836
G_GT_6_1529#2,3.0899999141693115
G_GT_6_1557#0,2.859999895095825
G_GT_6_1564#0,0.20999999344348907
G_GT_6_1564#1,3.1500000953674316
G_GT_6_1564#2,4.789999961853027
G_GT_6_1564#3,1.9299999475479126
G_GT_6_1578#0,4.260000228881836
G_GT_6_1587#0,4.010000228881836
G_GT_6_1587#1,1.6699999570846558
G_GT_6_1587#2,2.640000104904175
G_GT_6_1587#3,3.119999885559082
G_GT_6_1587#4,2.2300000190734863
G_GT_6_1587#5,4.590000152587891
G_GT_6_1602#0,1.0199999809265137
G_GT_6_1629#0,4.960000038146973
G_GT_6_1629#1,5.059999942779541
G_GT_6_1629#2,2.109999895095825
G_GT_6_1640#0,4.300000190734863
G_GT_6_1641#0,5.710000038146973
G_GT_6_1641#1,1.5700000524520874
G_GT_6_1646#0,5.090000152587891
G_GT_6_1649#0,4.590000152587891
G_GT_6_1661#0,1.0499999523162842
G_GT_6_1661#1,2.4700000286102295
G_GT_6_1661#2,4.590000152587891
G_GT_6_1665#0,1.9199999570846558
G_GT_6_1676#0,3.9600000381469727
G_GT_6_1678#0,3.240000009536743
G_GT_6_1678#1,2.140000104904175
G_GT_6_1678#2,2.25
G_GT_6_1678#3,1.1100000143051147
G_GT_6_1678#4,0.5699999928474426
G_GT_6_1681#0,2.2100000381469727
G_GT_6_1709#0,0.1899999976158142
G_GT_6_1719#0,2.4000000953674316
G_GT_6_1719#1,1.0199999809265137
G_GT_6_1721#0,6.210000038146973
G_GT_6_1721#1,5.079999923706055
G_GT_6_1722#0,2.3499999046325684
G_GT_6_1755#0,7.170000076293945
G_GT_6_1755#1,7.730000019073486
G_GT_6_1755#2,7.730000019073486
G_GT_6_1755#3,6.010000228881836
G_GT_6_1759#0,2.0899999141693115
G_GT_6_1763#0,7.03000020980835
G_GT_6_1763#1,3.509999990463257
G_GT_6_1763#2,2.4100000858306885
G_GT_6_1763#3,6.5
G_GT_6_1763#4,6.230000019073486
G_GT_6_1763#5,7.690000057220459
G_GT_6_1763#6,5.539999961853027
G_GT_6_1763#7,2.890000104904175
G_GT_6_1763#8,4.019999980926514
G_GT_6_1763#9,1.8899999856948853
G_GT_6_1768#0,0.8199999928474426
G_GT_6_1768#1,1.3600000143051147
G_GT_6_1768#2,6.269999980926514
G_GT_6_1788#0,3.0399999618530273
G_GT_6_1809#0,1.940000057220459
G_GT_6_1810#0,1.940000057220459
G_GT_6_1813#0,0.5600000023841858
G_GT_6_1813#1,2.5999999046325684
G_GT_6_1813#2,4.570000171661377
G_GT_6_1813#3,6.059999942779541
G_GT_6_1851#0,7.78000020980835
G_GT_6_1851#1,3.490000009536743
G_GT_6_1851#2,4.039999961853027
G_GT_6_1851#3,4.800000190734863
G_GT_6_1851#4,4.480000019073486
G_GT_6_1851#5,6.079999923706055
G_GT_6_1851#6,1.809999942779541
G_GT_6_1851#7,2.950000047683716
G_GT_6_1856#0,1.9800000190734863
G_GT_6_1856#1,2.3299999237060547
G_GT_6_1856#2,4.21999979019165
G_GT_6_1856#3,1.7200000286102295
G_GT_6_1856#4,1.0199999809265137
G_GT_6_1856#5,6.25
G_GT_6_1856#6,3.259999990463257
G_GT_6_1856#7,3.0299999713897705
G_GT_6_1859#0,1.7599999904632568
G_GT_6_1859#1,4.869999885559082
G_GT_6_1859#2,4.670000076293945
G_GT_6_1859#3,6.269999980926514
G_GT_6_1865#0,4.130000114440918
G_GT_6_1888#0,4.869999885559082
G_GT_6_1895#0,2.7300000190734863
G_GT_6_1906#0,4.260000228881836
G_GT_6_1910#0,0.6200000047683716
G_GT_6_1910#1,2.2100000381469727
G_GT_6_1910#2,3.130000114440918
G_GT_6_1910#3,2.950000047683716
G_GT_6_1910#4,1.8899999856948853
G_GT_6_1910#5,0.8299999833106995
G_GT_6_1910#6,6.139999866485596
G_GT_6_1910#7,4.03000020980835
G_GT_6_1910#8,2.6700000762939453
G_GT_6_1910#9,1.149999976158142
G_GT_6_1910#10,7.480000019073486
G_GT_6_1910#11,7.809999942779541
G_GT_6_1910#12,3.069999933242798
G_GT_6_1910#13,4.739999771118164
G_GT_6_1917#0,4.260000228881836
G_GT_6_1921#0,6.119999885559082
G_GT_6_1925#0,2.619999885559082
G_GT_6_1925#1,0.09000000357627869
G_GT_6_1925#2,0.5400000214576721
G_GT_6_1925#3,7.5
G_GT_6_1925#4,2.140000104904175
G_GT_6_1925#5,1.2100000381469727
G_GT_6_1952#0,2.430000066757202
G_GT_6_1965#0,2.3499999046325684
G_GT_6_2004#0,4.869999885559082
G_GT_6_2004#1,4.889999866485596
G_GT_6_2013#0,5.989999771118164
G_GT_6_2024#0,3.4600000381469727
G_GT_6_2024#1,2.640000104904175
G_GT_6_2024#2,3.2300000190734863
G_GT_6_2024#3,1.4500000476837158
G_GT_6_2024#4,2.0299999713897705
G_GT_6_2024#5,6.619999885559082
G_GT_6_2024#6,2.5299999713897705
G_GT_6_2025#0,4.400000095367432
G_GT_6_2065#0,3.7300000190734863
G_GT_6_2065#1,6.739999771118164
G_GT_6_2065#2,8.0600004196167
G_GT_6_2065#3,2.7799999713897705
G_GT_6_2065#4,2.450000047683716
G_GT_6_2065#5,7.440000057220459
G_GT_6_2065#6,1.9800000190734863
G_GT_6_2089#0,3.0999999046325684
G_GT_6_2094#0,2.690000057220459
G_GT_6_2094#1,2.180000066757202
G_GT_6_2094#2,6.880000114440918
G_GT_6_2094#3,1.2200000286102295
G_GT_6_2096#0,2.25
G_GT_6_2096#1,2.940000057220459
G_GT_6_2099#0,5.25
G_GT_6_2101#0,1.1799999475479126
G_GT_6_2104#0,3.5
G_GT_6_2104#1,3.880000114440918
G_GT_6_2104#2,3.390000104904175
G_GT_6_2104#3,6.179999828338623
G_GT_6_2104#4,3.869999885559082
G_GT_6_2105#0,3.0
G_GT_6_2105#1,1.590000033378601
G_GT_6_2105#2,2.25
G_GT_6_2105#3,1.340000033378601
G_GT_6_2125#0,2.359999895095825
G_GT_6_2125#1,5.679999828338623
G_GT_6_2169#0,3.880000114440918
G_GT_6_2172#0,2.4600000381469727
G_GT_6_2172#1,3.3299999237060547
G_GT_6_2172#2,2.2799999713897705
G_GT_6_2172#3,3.259999990463257
G_GT_6_2172#4,4.559999942779541
G_GT_6_2182#0,4.289999961853027
G_GT_6_2217#0,1.1399999856948853
G_GT_6_2219#0,3.9700000286102295
G_GT_6_2220#0,5.639999866485596
G_GT_6_2220#1,1.909999966621399
G_GT_6_2220#2,2.130000114440918
G_GT_6_2220#3,3.680000066757202
G_GT_6_2225#0,3.6500000953674316
G_GT_6_2287#0,3.799999952316284
G_GT_6_2287#1,1.8600000143051147
G_GT_6_2287#2,3.0799999237060547
G_GT_6_2330#0,1.2899999618530273
G_GT_6_2331#0,2.4000000953674316
G_GT_6_2338#0,1.7300000190734863
G_GT_6_2338#1,1.2699999809265137
G_GT_6_2338#2,4.619999885559082
G_GT_6_2340#0,1.4800000190734863
G_GT_6_2340#1,3.9100000858306885
G_GT_6_2344#0,0.7900000214576721
G_GT_6_2377#0,1.6699999570846558
G_GT_6_2397#0,5.300000190734863
G_GT_6_2403#0,3.6600000858306885
G_GT_6_2403#1,7.579999923706055
G_GT_6_2434#0,1.3300000429153442
G_GT_6_2434#1,1.809999942779541
G_GT_6_2434#2,1.4800000190734863
G_GT_6_2436#0,7.25
G_GT_6_2436#1,2.569999933242798
G_GT_6_2436#2,3.0399999618530273
G_GT_6_2488#0,2.9000000953674316
G_GT_6_2488#1,3.059999942779541
G_GT_6_2488#2,1.440000057220459
G_GT_6_2488#3,1.4900000095367432
G_GT_6_2488#4,3.430000066757202
G_GT_6_2488#5,1.6699999570846558
G_GT_6_2496#0,7.96999979019165
G_GT_6_2496#1,3.5399999618530273
G_GT_6_2496#2,6.329999923706055
G_GT_6_2496#3,4.489999771118164
G_GT_6_2497#0,1.0199999809265137
G_GT_6_2497#1,3.450000047683716
G_GT_6_2497#2,4.920000076293945
G_GT_6_2497#3,4.130000114440918
G_GT_6_2497#4,4.190000057220459
G_GT_6_2497#5,1.0800000429153442
G_GT_6_2497#6,5.230000019073486
G_GT_6_2511#0,4.349999904632568
G_GT_6_2511#1,4.429999828338623
G_GT_6_2511#2,1.3200000524520874
G_GT_6_2517#0,2.819999933242798
G_GT_6_2517#1,4.420000076293945
G_GT_6_2518#0,2.0
G_GT_6_2518#1,4.130000114440918
G_GT_6_2518#2,7.829999923706055
G_GT_6_2547#0,3.0199999809265137
G_GT_6_2547#1,1.600000023841858
G_GT_6_2558#0,2.390000104904175
G_GT_6_2583#0,1.7300000190734863
G_GT_6_2583#1,3.5399999618530273
G_GT_6_2583#2,1.600000023841858
G_GT_6_2584#0,4.760000228881836
G_GT_6_2585#0,2.799999952316284
G_GT_6_2598#0,5.659999847412109
G_GT_6_2599#0,2.6500000953674316
G_GT_6_2599#1,4.949999809265137
G_GT_6_2599#2,1.8700000047683716
G_GT_6_2599#3,3.450000047683716
G_GT_6_2599#4,1.7999999523162842
G_GT_6_2599#5,3.6600000858306885
G_GT_6_2600#0,1.4600000381469727
G_GT_6_2610#0,1.3899999856948853
G_GT_6_2610#1,3.180000066757202
G_GT_6_2631#0,2.8299999237060547
G_GT_6_2631#1,0.6899999976158142
G_GT_6_2631#2,3.9200000762939453
G_GT_6_2631#3,5.800000190734863
G_GT_6_2641#0,3.9600000381469727
G_GT_6_2641#1,0.46000000834465027
G_GT_6_2641#2,1.309999942779541
G_GT_6_2641#3,6.28000020980835
G_GT_6_2641#4,5.769999980926514
G_GT_6_2641#5,5.559999942779541
G_GT_6_2641#6,0.9200000166893005
G_GT_6_2672#0,4.070000171661377
G_GT_6_2672#1,1.090000033378601
G_GT_6_2688#0,1.4600000381469727
G_GT_6_2725#0,2.2200000286102295
G_GT_6_2725#1,2.4000000953674316
G_GT_6_2725#2,6.090000152587891
G_GT_6_2725#3,5.510000228881836
G_GT_6_2741#0,3.700000047683716
G_GT_6_2749#0,2.359999895095825
G_GT_6_2784#0,3.7200000286102295
G_GT_6_2784#1,7.889999866485596
G_GT_6_2785#0,1.8700000047683716
G_GT_6_2790#0,1.0099999904632568
G_GT_6_2793#0,1.3300000429153442
G_GT_6_2800#0,0.75
G_GT_6_2803#0,1.3899999856948853
G_GT_6_2803#1,2.3499999046325684
G_GT_6_2803#2,1.7999999523162842
G_GT_6_2812#0,0.800000011920929
G_GT_6_2814#0,4.429999828338623
G_GT_6_2814#1,0.8700000047683716
G_GT_6_2825#0,1.5399999618530273
G_GT_6_2825#1,1.100000023841858
G_GT_6_2839#0,1.6200000047683716
G_GT_6_2854#0,2.4800000190734863
G_GT_6_2854#1,1.3200000524520874
G_GT_6_2854#2,0.8399999737739563
G_GT_6_2875#0,1.7400000095367432
G_GT_6_2875#1,6.989999771118164
G_GT_6_2875#2,2.569999933242798
G_GT_6_2875#3,3.180000066757202
G_GT_6_2876#0,0.25999999046325684
G_GT_6_2877#0,4.630000114440918
G_GT_6_2877#1,4.010000228881836
G_GT_6_2877#2,3.109999895095825
G_GT_6_2877#3,1.6699999570846558
G_GT_6_2877#4,1.809999942779541
G_GT_6_2877#5,1.2400000095367432
G_GT_6_2877#6,3.890000104904175
G_GT_6_2883#0,1.590000033378601
G_GT_6_2883#1,3.4800000190734863
G_GT_6_2883#2,4.269999980926514
G_GT_6_2883#3,1.7799999713897705
G_GT_6_2883#4,1.4900000095367432
G_GT_6_2883#5,2.1700000762939453
G_GT_6_2883#6,0.4000000059604645
G_GT_6_2883#7,6.71999979019165
G_GT_6_2883#8,5.429999828338623
G_GT_6_2883#9,2.5399999618530273
G_GT_6_2883#10,6.800000190734863
G_GT_6_2883#11,3.130000114440918
G_GT_6_2883#12,6.28000020980835
G_GT_6_2883#13,4.409999847412109
G_GT_6_2883#14,3.3499999046325684
G_GT_6_2883#15,2.809999942779541
G_GT_6_2883#16,1.0499999523162842
G_GT_6_2883#17,5.800000190734863
G_GT_6_2883#18,5.75
G_GT_6_2883#19,1.7400000095367432
G_GT_6_2883#20,4.96999979019165
G_GT_6_2883#21,2.6500000953674316
G_GT_6_2883#22,4.159999847412109
G_GT_6_2883#23,4.710000038146973
G_GT_6_2883#24,2.740000009536743
G_GT_6_2883#25,2.9800000190734863
G_GT_6_2895#0,2.930000066757202
G_GT_6_2898#0,2.740000009536743
G_GT_6_2914#0,2.930000066757202
G_GT_6_2914#1,3.6600000858306885
G_GT_6_2914#2,1.5099999904632568
G_GT_6_2921#0,3.8299999237060547
G_GT_6_2925#0,2.7799999713897705
G_GT_6_2958#0,1.5199999809265137
G_GT_6_2972#0,2.6500000953674316
G_GT_6_2976#0,2.309999942779541
G_GT_6_2981#0,5.199999809265137
G_GT_6_2981#1,4.380000114440918
G_GT_6_2981#2,4.949999809265137
G_GT_6_2982#0,4.860000133514404
G_GT_6_2984#0,3.8299999237060547
G_GT_6_2987#0,5.309999942779541
G_GT_6_2987#1,4.78000020980835
G_GT_6_2991#0,2.7300000190734863
G_GT_6_2997#0,4.170000076293945
G_GT_6_2997#1,3.75
G_GT_6_2997#2,3.9600000381469727
G_GT_6_2997#3,1.8899999856948853
G_GT_6_3004#0,0.8100000023841858
G_GT_6_3004#1,0.8100000023841858
G_GT_6_3008#0,3.950000047683716
G_GT_6_3011#0,3.4800000190734863
G_GT_6_3011#1,3.950000047683716
G_GT_6_3011#2,6.420000076293945
G_GT_6_3011#3,7.019999980926514
G_GT_6_3011#4,4.75
G_GT_6_3011#5,7.900000095367432
G_GT_6_3011#6,5.21999979019165
G_GT_6_3011#7,4.46999979019165
G_GT_6_3011#8,1.190000057220459
G_GT_6_3020#0,0.8199999928474426
G_GT_6_3020#1,2.7699999809265137
G_GT_6_3030#0,3.5299999713897705
G_GT_6_3041#0,5.909999847412109
G_GT_6_3041#1,2.680000066757202
G_GT_6_3043#0,4.21999979019165
G_GT_6_3043#1,4.670000076293945
G_GT_6_3043#2,5.840000152587891
G_GT_6_3054#0,4.449999809265137
G_GT_6_3117#0,1.7100000381469727
G_GT_6_3117#1,1.9500000476837158
G_GT_6_3133#0,4.28000020980835
G_GT_6_3134#0,1.190000057220459
G_GT_6_3134#1,0.6200000047683716
G_GT_6_3137#0,1.9900000095367432
G_GT_6_3137#1,4.730000019073486
G_GT_6_3137#2,1.590000033378601
G_GT_6_3137#3,4.170000076293945
G_GT_6_3137#4,2.9000000953674316
G_GT_6_3182#0,2.7100000381469727
G_GT_6_3210#0,5.590000152587891
G_GT_6_3250#0,4.03000020980835
G_GT_6_3250#1,3.6600000858306885
G_GT_6_3250#2,1.440000057220459
G_GT_6_3250#3,2.2100000381469727
G_GT_6_3256#0,1.9800000190734863
G_GT_6_3256#1,3.3499999046325684
G_GT_6_3256#2,3.5299999713897705
G_GT_6_3256#3,1.3700000047683716
G_GT_6_3256#4,6.849999904632568
G_GT_6_3256#5,4.989999771118164
G_GT_6_3256#6,1.7300000190734863
G_GT_6_3256#7,2.7100000381469727
G_GT_6_3256#8,2.869999885559082
G_GT_6_3256#9,1.149999976158142
G_GT_6_3256#10,3.3399999141693115
G_GT_6_3259#0,1.9199999570846558
G_GT_6_3261#0,3.130000114440918
G_GT_6_3262#0,6.75
G_GT_6_3300#0,1.6399999856948853
G_GT_6_3302#0,3.799999952316284
G_GT_6_3302#1,2.319999933242798
G_GT_6_3302#2,1.409999966621399
G_GT_6_3302#3,1.559999942779541
G_GT_6_3302#4,2.4200000762939453
G_GT_6_3313#0,5.730000019073486
G_GT_6_3324#0,3.5199999809265137
G_GT_6_3335#0,2.1600000858306885
G_GT_6_3336#0,2.180000066757202
G_GT_6_3336#1,2.0799999237060547
G_GT_6_3339#0,5.659999847412109
G_GT_6_3366#0,4.130000114440918
G_GT_6_3366#1,4.679999828338623
G_GT_6_3366#2,1.3799999952316284
G_GT_6_3366#3,1.2699999809265137
G_GT_6_3378#0,4.159999847412109
G_GT_6_3378#1,2.1500000953674316
G_GT_6_3378#2,2.7200000286102295
G_GT_6_3378#3,1.2599999904632568
G_GT_6_3382#0,1.3899999856948853
G_GT_6_3382#1,1.5299999713897705
G_GT_6_3382#2,4.25
G_GT_6_3385#0,2.380000114440918
G_GT_6_3385#1,6.010000228881836
G_GT_6_3385#2,5.199999809265137
G_GT_6_3390#0,3.890000104904175
G_GT_6_3390#1,1.690000057220459
G_GT_6_3390#2,0.8299999833106995
G_GT_6_3390#3,2.9100000858306885
G_GT_6_3390#4,8.289999961853027
G_GT_6_3390#5,7.739999771118164
G_GT_6_3390#6,8.40999984741211
G_GT_6_3390#7,7.460000038146973
G_GT_6_3450#0,1.8200000524520874
G_GT_6_3456#0,3.630000114440918
G_GT_6_3456#1,3.1700000762939453
G_GT_6_3464#0,6.239999771118164
G_GT_6_3464#1,5.599999904632568
G_GT_6_3464#2,5.429999828338623
G_GT_6_3464#3,7.340000152587891
G_GT_6_3464#4,1.4700000286102295
G_GT_6_3464#5,1.7200000286102295
G_GT_6_3464#6,7.590000152587891
G_GT_6_3464#7,2.700000047683716
G_GT_6_3464#8,0.5400000214576721
G_GT_6_3464#9,2.2300000190734863
G_GT_6_3464#10,8.010000228881836
G_GT_6_3464#11,8.539999961853027
G_GT_6_3464#12,3.0
G_GT_6_3464#13,6.769999980926514
G_GT_6_3464#14,3.359999895095825
G_GT_6_3464#15,3.0999999046325684
G_GT_6_3464#16,3.3399999141693115
G_GT_6_3464#17,9.0
G_GT_6_3464#18,6.639999866485596
G_GT_6_3464#19,7.710000038146973
G_GT_6_3464#20,7.96999979019165
G_GT_6_3464#21,1.4500000476837158
G_GT_6_3464#22,2.240000009536743
G_GT_6_3464#23,1.9299999475479126
G_GT_6_3464#24,2.380000114440918
G_GT_6_3464#25,2.369999885559082
G_GT_6_3464#26,4.170000076293945
G_GT_6_3464#27,2.119999885559082
G_GT_6_3464#28,4.230000019073486
G_GT_6_3464#29,5.210000038146973
G_GT_6_3464#30,4.150000095367432
G_GT_6_3464#31,3.7699999809265137
G_GT_6_3478#0,1.0299999713897705
G_GT_6_3484#0,0.949999988079071
G_GT_6_3484#1,3.5899999141693115
G_GT_6_3484#2,1.2300000190734863
G_GT_6_3484#3,2.0299999713897705
G_GT_6_3484#4,4.019999980926514
G_GT_6_3484#5,3.990000009536743
G_GT_6_3484#6,3.1700000762939453
G_GT_6_3484#7,2.1500000953674316
G_GT_6_3484#8,2.0799999237060547
G_GT_6_3484#9,2.1500000953674316
G_GT_6_3484#10,2.680000066757202
G_GT_6_3484#11,3.450000047683716
G_GT_6_3494#0,3.549999952316284
G_GT_6_3512#0,2.4100000858306885
G_GT_6_3512#1,5.809999942779541
G_GT_6_3543#0,3.240000009536743
G_GT_6_3543#1,4.429999828338623
G_UNC_1_8#0,4.900000095367432
G_UNC_1_8#1,3.630000114440918
G_UNC_1_8#2,2.2899999618530273
G_UNC_1_8#3,2.9200000762939453
G_UNC_1_25#0,2.4700000286102295
G_UNC_1_31#0,6.110000133514404
G_UNC_1_31#1,8.420000076293945
G_UNC_1_31#2,3.5799999237060547
G_UNC_1_31#3,2.8399999141693115
G_UNC_1_31#4,6.949999809265137
G_UNC_1_31#5,5.0
G_UNC_1_31#6,7.230000019073486
G_UNC_1_31#7,2.8399999141693115
G_UNC_1_31#8,3.8399999141693115
G_UNC_1_31#9,3.0399999618530273
G_UNC_1_31#10,6.570000171661377
G_UNC_1_31#11,1.149999976158142
G_UNC_1_31#12,4.550000190734863
G_UNC_1_31#13,0.7799999713897705
G_UNC_1_31#14,5.369999885559082
G_UNC_1_31#15,7.420000076293945
G_UNC_2_40#0,2.559999942779541
G_UNC_2_40#1,0.7599999904632568
G_UNC_2_40#2,4.150000095367432
G_UNC_2_40#3,5.119999885559082
G_UNC_2_40#4,2.180000066757202
G_UNC_2_40#5,7.510000228881836
G_UNC_2_40#6,1.0199999809265137
G_UNC_2_40#7,0.5600000023841858
G_UNC_2_49#0,8.359999656677246
G_UNC_2_49#1,5.880000114440918
G_UNC_2_147#0,1.6200000047683716
G_UNC_2_147#1,1.8700000047683716
G_UNC_2_147#2,5.25
G_UNC_4_17#0,5.289999961853027
G_UNC_4_17#1,3.359999895095825
G_UNC_4_17#2,2.0399999618530273
G_UNC_4_17#3,4.119999885559082
G_UNC_4_21#0,6.309999942779541
G_UNC_4_21#1,3.7899999618530273
G_UNC_4_21#2,3.0999999046325684
G_UNC_4_21#3,1.5399999618530273
G_UNC_4_21#4,7.610000133514404
G_UNC_4_21#5,2.1600000858306885
G_UNC_4_21#6,3.2799999713897705
G_UNC_4_34#0,3.75
G_UNC_4_34#1,2.2699999809265137
G_UNC_4_34#2,1.590000033378601
G_UNC_4_34#3,1.6399999856948853
G_UNC_4_39#0,0.2199999988079071
G_UNC_4_39#1,9.130000114440918
G_UNC_4_41#0,3.809999942779541
G_UNC_4_41#1,5.840000152587891
G_UNC_4_41#2,1.909999966621399
G_UNC_4_41#3,4.71999979019165
G_UNC_4_41#4,6.78000020980835
G_UNC_4_60#0,1.5700000524520874
G_UNC_4_60#1,0.46000000834465027
G_UNC_4_60#2,0.800000011920929
G_UNC_4_60#3,2.1600000858306885
G_UNC_4_60#4,8.579999923706055
G_UNC_4_83#0,5.010000228881836
G_UNC_4_83#1,4.150000095367432
G_UNC_4_88#0,3.690000057220459
G_UNC_4_119#0,1.2999999523162842
G_UNC_4_147#0,4.389999866485596
G_UNC_4_194#0,3.1700000762939453
G_UNC_4_194#1,2.549999952316284
G_UNC_4_204#0,3.7699999809265137
G_UNC_4_257#0,1.9600000381469727
G_UNC_5_5#0,5.440000057220459
G_UNC_5_5#1,7.150000095367432
G_UNC_6_4#0,8.430000305175781
G_UNC_6_5#0,2.440000057220459
G_UNC_6_5#1,8.430000305175781
G_UNC_6_5#2,8.119999885559082
G_UNC_6_5#3,1.75
G_UNC_6_5#4,0.9300000071525574
G_UNC_6_11#0,7.710000038146973
G_UNC_6_21#0,4.019999980926514
G_UNC_7_20#0,5.360000133514404
G_UNC_7_20#1,3.430000066757202
G_UNC_7_20#2,3.450000047683716
G_UNC_7_20#3,2.25
G_UNC_7_20#4,4.239999771118164
G_UNC_7_25#0,3.3299999237060547
G_UNC_7_25#1,2.1500000953674316
G_UNC_7_25#2,1.7000000476837158
G_UNC_7_25#3,3.0
G_UNC_7_26#0,4.400000095367432
G_UNC_7_27#0,1.4299999475479126
G_UNC_7_28#0,5.900000095367432
G_UNC_7_28#1,5.389999866485596
G_UNC_7_28#2,2.9600000381469727
G_UNC_7_28#3,5.039999961853027
G_UNC_7_29#0,6.809999942779541
G_UNC_7_29#1,3.950000047683716
G_UNC_7_29#2,5.739999771118164
G_UNC_7_29#3,4.070000171661377
G_UNC_7_31#0,6.25
G_UNC_7_32#0,1.0700000524520874
G_UNC_7_32#1,4.349999904632568
G_UNC_7_32#2,5.079999923706055
G_UNC_7_32#3,5.329999923706055
G_UNC_7_32#4,5.25
G_UNC_7_32#5,3.140000104904175
G_UNC_7_32#6,1.4600000381469727
G_UNC_7_32#7,3.0999999046325684
G_UNC_7_33#0,4.710000038146973
G_UNC_7_33#1,4.760000228881836
G_UNC_7_33#2,6.070000171661377
G_UNC_7_33#3,3.819999933242798
G_UNC_7_33#4,8.229999542236328
G_UNC_7_33#5,5.21999979019165
G_UNC_7_33#6,3.819999933242798
G_UNC_7_34#0,6.179999828338623
G_UNC_7_34#1,4.480000019073486
G_UNC_7_35#0,5.5
G_UNC_7_35#1,5.289999961853027
G_UNC_7_38#0,7.929999828338623
G_UNC_7_38#1,7.929999828338623
G_UNC_7_38#2,5.949999809265137
G_UNC_7_70#0,4.989999771118164
G_UNC_7_74#0,0.8399999737739563
G_UNC_7_74#1,4.699999809265137
G_UNC_7_74#2,2.5199999809265137
G_UNC_7_74#3,7.389999866485596
G_UNC_7_76#0,4.179999828338623
G_UNC_7_76#1,4.989999771118164
G_UNC_7_76#2,5.210000038146973
G_UNC_7_76#3,1.8799999952316284
G_UNC_7_76#4,4.849999904632568
G_UNC_7_76#5,6.019999980926514
G_UNC_7_76#6,3.440000057220459
G_UNC_7_76#7,2.9100000858306885
G_UNC_7_76#8,7.909999847412109
G_UNC_7_76#9,6.039999961853027
G_UNC_7_76#10,5.559999942779541
G_UNC_7_76#11,8.319999694824219
G_UNC_7_76#12,5.349999904632568
G_UNC_7_76#13,4.980000019073486
G_UNC_7_77#0,7.019999980926514
G_UNC_7_77#1,4.679999828338623
G_UNC_7_80#0,4.940000057220459
G_UNC_7_80#1,2.559999942779541
G_UNC_7_80#2,1.5099999904632568
G_UNC_7_82#0,5.0
G_UNC_7_106#0,0.8500000238418579
G_UNC_7_107#0,3.390000104904175
G_UNC_7_107#1,2.930000066757202
G_UNC_7_109#0,3.180000066757202
G_UNC_7_109#1,3.069999933242798
G_UNC_7_121#0,0.8399999737739563
G_UNC_7_121#1,0.7300000190734863
G_UNC_7_122#0,2.380000114440918
G_UNC_7_122#1,2.5799999237060547
G_UNC_7_122#2,4.75
G_UNC_7_122#3,2.259999990463257
G_UNC_7_122#4,0.75
G_UNC_7_122#5,2.390000104904175
G_UNC_7_151#0,1.399999976158142
G_UNC_7_187#0,5.320000171661377
G_UNC_7_194#0,4.159999847412109
G_UNC_7_201#0,4.570000171661377
G_UNC_7_201#1,7.269999980926514
G_UNC_7_202#0,5.929999828338623
G_UNC_7_202#1,3.240000009536743
G_UNC_7_202#2,3.5299999713897705
G_UNC_7_202#3,2.25
G_UNC_7_202#4,2.890000104904175
G_UNC_7_202#5,3.109999895095825
G_UNC_7_202#6,1.2100000381469727
G_UNC_7_202#7,6.960000038146973
G_UNC_7_228#0,0.8999999761581421
G_UNC_7_228#1,0.9599999785423279
G_UNC_7_230#0,3.119999885559082
G_UNC_7_234#0,2.119999885559082
G_UNC_7_234#1,4.489999771118164
G_UNC_7_234#2,2.759999990463257
G_UNC_7_234#3,2.180000066757202
G_UNC_7_234#4,8.239999771118164
G_UNC_7_234#5,7.309999942779541
G_UNC_7_234#6,7.630000114440918
G_UNC_7_244#0,6.429999828338623
G_UNC_7_244#1,1.899999976158142
G_UNC_7_244#2,3.1500000953674316
G_UNC_7_266#0,3.630000114440918
G_UNC_7_266#1,1.8300000429153442
G_UNC_7_271#0,2.259999990463257
G_UNC_7_271#1,5.190000057220459
G_UNC_7_271#2,6.900000095367432
G_UNC_7_271#3,4.78000020980835
G_UNC_7_272#0,7.949999809265137
G_UNC_7_272#1,3.0999999046325684
G_UNC_7_272#2,8.170000076293945
G_UNC_7_272#3,4.809999942779541
G_UNC_7_272#4,2.569999933242798
G_UNC_7_272#5,1.7200000286102295
G_UNC_7_272#6,3.6500000953674316
G_UNC_7_272#7,2.930000066757202
G_UNC_7_275#0,2.2699999809265137
G_UNC_7_275#1,1.5399999618530273
G_UNC_7_275#2,5.949999809265137
G_UNC_7_275#3,3.509999990463257
G_UNC_7_279#0,1.649999976158142
G_UNC_7_279#1,2.9600000381469727
G_UNC_7_279#2,3.1500000953674316
G_UNC_7_282#0,6.53000020980835
G_UNC_7_282#1,4.769999980926514
G_UNC_7_285#0,4.260000228881836
G_UNC_7_299#0,7.28000020980835
G_UNC_7_299#1,3.2799999713897705
G_UNC_7_299#2,1.7300000190734863
G_UNC_7_299#3,4.639999866485596
G_UNC_7_299#4,2.890000104904175
G_UNC_7_299#5,2.0899999141693115
G_UNC_7_299#6,7.340000152587891
G_UNC_7_299#7,3.509999990463257
G_UNC_7_299#8,7.599999904632568
G_UNC_7_299#9,0.5
G_UNC_7_299#10,7.909999847412109
G_UNC_7_299#11,8.210000038146973
G_UNC_7_299#12,7.699999809265137
G_UNC_7_299#13,5.860000133514404
G_UNC_7_299#14,7.159999847412109
G_UNC_7_299#15,8.1899995803833
G_UNC_7_299#16,1.5099999904632568
G_UNC_7_300#0,4.050000190734863
G_UNC_7_300#1,5.03000020980835
G_UNC_7_300#2,6.889999866485596
G_UNC_7_308#0,5.769999980926514
G_UNC_7_308#1,4.599999904632568
G_UNC_7_308#2,6.130000114440918
G_UNC_7_308#3,4.670000076293945
G_UNC_7_314#0,4.130000114440918
G_UNC_7_317#0,3.819999933242798
G_UNC_7_321#0,5.369999885559082
G_UNC_7_323#0,3.819999933242798
G_UNC_7_323#1,3.4600000381469727
G_UNC_7_323#2,1.840000033378601
G_UNC_7_331#0,1.6799999475479126
G_UNC_7_332#0,1.5099999904632568
G_UNC_7_332#1,6.760000228881836
G_UNC_7_332#2,4.789999961853027
G_UNC_7_332#3,0.9700000286102295
G_UNC_7_332#4,8.470000267028809
G_UNC_7_332#5,2.190000057220459
G_UNC_7_332#6,3.359999895095825
G_UNC_7_332#7,2.5399999618530273
G_UNC_7_332#8,1.3600000143051147
G_UNC_7_332#9,1.8600000143051147
G_UNC_7_332#10,8.40999984741211
G_UNC_7_333#0,5.659999847412109
G_UNC_7_333#1,4.949999809265137
G_UNC_7_333#2,8.15999984741211
G_UNC_7_333#3,4.599999904632568
G_UNC_7_334#0,6.630000114440918
G_UNC_7_334#1,7.869999885559082
G_UNC_7_334#2,6.199999809265137
G_UNC_7_334#3,5.340000152587891
G_UNC_7_336#0,2.240000009536743
G_UNC_7_336#1,4.150000095367432
G_UNC_7_336#2,4.199999809265137
G_UNC_7_336#3,5.489999771118164
G_UNC_7_336#4,3.8499999046325684
G_UNC_7_336#5,6.880000114440918
G_UNC_7_336#6,1.4700000286102295
G_UNC_7_336#7,1.6100000143051147
G_UNC_7_337#0,6.949999809265137
G_UNC_7_337#1,8.630000114440918
G_UNC_7_337#2,6.090000152587891
G_UNC_7_337#3,2.859999895095825
G_UNC_7_354#0,1.940000057220459
G_UNC_7_354#1,3.7699999809265137
G_UNC_7_354#2,3.0
G_UNC_7_354#3,2.2100000381469727
G_UNC_7_354#4,2.569999933242798
G_UNC_7_354#5,5.119999885559082
G_UNC_7_354#6,4.78000020980835
G_UNC_7_354#7,2.930000066757202
G_UNC_7_358#0,6.519999980926514
G_UNC_7_366#0,3.9800000190734863
G_UNC_7_366#1,1.100000023841858
G_UNC_7_366#2,5.949999809265137
G_UNC_7_366#3,2.8499999046325684
G_UNC_7_370#0,7.010000228881836
G_UNC_7_370#1,2.25
G_UNC_7_370#2,1.850000023841858
G_UNC_7_370#3,3.6500000953674316
G_UNC_7_377#0,3.559999942779541
G_UNC_7_377#1,2.7799999713897705
G_UNC_7_377#2,4.260000228881836
G_UNC_7_382#0,6.139999866485596
G_UNC_7_382#1,1.7000000476837158
G_UNC_7_382#2,0.9399999976158142
G_UNC_7_382#3,0.7699999809265137
G_UNC_7_382#4,2.1600000858306885
G_UNC_7_382#5,2.549999952316284
G_UNC_7_382#6,3.2899999618530273
G_UNC_7_382#7,2.990000009536743
G_UNC_7_382#8,2.359999895095825
G_UNC_7_382#9,0.8600000143051147
G_UNC_7_386#0,2.4000000953674316
G_UNC_7_386#1,4.889999866485596
G_UNC_7_399#0,7.0
G_UNC_7_399#1,7.130000114440918
G_UNC_7_399#2,6.409999847412109
G_UNC_7_399#3,4.420000076293945
G_UNC_7_399#4,4.190000057220459
G_UNC_7_399#5,4.460000038146973
G_UNC_7_399#6,7.150000095367432
G_UNC_7_399#7,5.170000076293945
G_UNC_7_399#8,3.4000000953674316
G_UNC_7_399#9,7.190000057220459
G_UNC_7_399#10,7.53000020980835
G_UNC_7_399#11,6.360000133514404
G_UNC_7_399#12,0.1599999964237213
G_UNC_7_399#13,6.019999980926514
G_UNC_7_399#14,8.9399995803833
G_UNC_7_408#0,7.480000019073486
G_UNC_7_408#1,5.300000190734863
G_UNC_7_408#2,6.5
G_UNC_7_408#3,1.4600000381469727
G_UNC_7_408#4,3.940000057220459
G_UNC_7_408#5,3.7200000286102295
G_UNC_7_408#6,3.630000114440918
G_UNC_7_410#0,2.0799999237060547
G_UNC_7_410#1,2.1600000858306885
G_UNC_7_410#2,3.4100000858306885
G_UNC_7_410#3,5.269999980926514
G_UNC_7_410#4,4.21999979019165
G_UNC_7_410#5,2.9700000286102295
G_UNC_7_410#6,4.619999885559082
G_UNC_7_410#7,4.0
G_UNC_7_410#8,4.639999866485596
G_UNC_7_410#9,4.190000057220459
G_UNC_7_410#10,4.590000152587891
G_UNC_7_411#0,1.100000023841858
G_UNC_7_411#1,5.679999828338623
G_UNC_7_411#2,6.880000114440918
G_UNC_7_411#3,5.630000114440918
G_UNC_7_413#0,7.170000076293945
G_UNC_7_413#1,9.699999809265137
G_UNC_7_413#2,4.340000152587891
G_UNC_7_413#3,5.840000152587891
G_UNC_7_413#4,1.2300000190734863
G_UNC_7_414#0,2.9200000762939453
G_UNC_7_414#1,6.519999980926514
G_UNC_7_414#2,4.75
G_UNC_7_414#3,4.920000076293945
G_UNC_7_414#4,4.050000190734863
G_UNC_7_414#5,3.490000009536743
G_UNC_7_414#6,3.390000104904175
G_UNC_7_414#7,2.880000114440918
G_UNC_7_414#8,3.0
G_UNC_7_416#0,6.829999923706055
G_UNC_7_416#1,4.360000133514404
G_UNC_7_430#0,4.039999961853027
G_UNC_7_430#1,1.590000033378601
G_UNC_7_430#2,4.159999847412109
G_UNC_7_441#0,1.309999942779541
G_UNC_7_441#1,6.25
G_UNC_7_441#2,6.03000020980835
G_UNC_7_441#3,5.96999979019165
G_UNC_7_441#4,3.5899999141693115
G_UNC_7_441#5,3.609999895095825
G_UNC_7_443#0,2.859999895095825
G_UNC_7_465#0,9.0600004196167
G_UNC_7_470#0,4.849999904632568
G_UNC_7_470#1,7.090000152587891
G_UNC_7_470#2,6.809999942779541
G_UNC_7_470#3,3.630000114440918
G_UNC_7_470#4,3.369999885559082
G_UNC_7_470#5,3.299999952316284
G_UNC_7_470#6,0.75
G_UNC_7_470#7,7.369999885559082
G_UNC_7_470#8,3.309999942779541
G_UNC_7_470#9,3.6500000953674316
G_UNC_7_470#10,4.269999980926514
G_UNC_7_470#11,6.599999904632568
G_UNC_7_472#0,2.5
G_UNC_7_477#0,2.0799999237060547
G_UNC_7_478#0,2.6500000953674316
G_UNC_7_478#1,4.949999809265137
G_UNC_7_478#2,5.380000114440918
G_UNC_7_478#3,5.789999961853027
G_UNC_7_478#4,5.389999866485596
G_UNC_7_478#5,3.450000047683716
G_UNC_7_478#6,2.990000009536743
G_UNC_7_478#7,2.180000066757202
G_UNC_7_478#8,3.3499999046325684
G_UNC_7_486#0,4.559999942779541
G_UNC_7_489#0,1.9199999570846558
G_UNC_7_490#0,2.8399999141693115
G_UNC_7_490#1,3.109999895095825
G_UNC_7_490#2,4.0
G_UNC_7_490#3,4.309999942779541
G_UNC_7_490#4,5.679999828338623
G_UNC_7_490#5,2.6600000858306885
G_UNC_7_491#0,2.0399999618530273
G_UNC_7_493#0,4.639999866485596
G_UNC_7_493#1,5.260000228881836
G_UNC_7_493#2,5.440000057220459
G_UNC_7_494#0,5.739999771118164
G_UNC_7_494#1,5.550000190734863
G_UNC_7_495#0,7.349999904632568
G_UNC_7_498#0,2.2300000190734863
G_UNC_7_498#1,5.139999866485596
G_UNC_7_501#0,6.699999809265137
G_UNC_7_509#0,2.259999990463257
G_UNC_7_535#0,1.6299999952316284
G_UNC_7_535#1,9.319999694824219
G_UNC_7_535#2,3.369999885559082
G_UNC_7_535#3,3.75
G_UNC_7_535#4,3.680000066757202
G_UNC_7_535#5,3.2699999809265137
G_UNC_7_535#6,9.050000190734863
G_UNC_7_535#7,8.579999923706055
G_UNC_7_535#8,1.3700000047683716
G_UNC_7_535#9,6.300000190734863
G_UNC_7_550#0,1.2899999618530273
G_UNC_7_550#1,5.409999847412109
G_UNC_7_558#0,4.150000095367432
G_UNC_7_558#1,3.0799999237060547
G_UNC_7_558#2,3.0799999237060547
G_UNC_7_582#0,8.300000190734863
G_UNC_7_582#1,8.029999732971191
G_UNC_7_583#0,6.46999979019165
G_UNC_7_583#1,1.309999942779541
G_UNC_7_583#2,2.630000114440918
G_UNC_7_583#3,1.4199999570846558
G_UNC_7_583#4,2.4100000858306885
G_UNC_7_589#0,5.170000076293945
G_UNC_7_589#1,3.5899999141693115
G_UNC_7_589#2,4.900000095367432
G_UNC_7_589#3,2.380000114440918
G_UNC_7_589#4,1.8700000047683716
G_UNC_7_589#5,4.369999885559082
G_UNC_7_594#0,1.5099999904632568
G_UNC_7_594#1,3.130000114440918
G_UNC_7_594#2,3.430000066757202
G_UNC_7_594#3,5.059999942779541
G_UNC_7_605#0,1.840000033378601
G_UNC_7_605#1,1.649999976158142
G_UNC_7_614#0,4.880000114440918
G_UNC_7_614#1,3.130000114440918
G_UNC_7_614#2,5.429999828338623
G_UNC_7_615#0,2.5199999809265137
G_UNC_7_616#0,2.4200000762939453
G_UNC_7_616#1,7.880000114440918
G_UNC_7_619#0,5.619999885559082
G_UNC_7_619#1,3.490000009536743
G_UNC_7_619#2,6.110000133514404
G_UNC_7_621#0,2.4100000858306885
G_UNC_7_621#1,6.440000057220459
G_UNC_7_622#0,0.41999998688697815
G_UNC_7_622#1,1.649999976158142
G_UNC_7_622#2,4.079999923706055
G_UNC_7_622#3,6.320000171661377
G_UNC_7_622#4,5.579999923706055
G_UNC_7_622#5,0.4099999964237213
G_UNC_7_622#6,3.3499999046325684
G_UNC_7_622#7,0.9900000095367432
G_UNC_7_622#8,1.5399999618530273
G_UNC_7_622#9,5.179999828338623
G_UNC_7_622#10,5.420000076293945
G_UNC_7_622#11,5.570000171661377
G_UNC_7_622#12,2.930000066757202
G_UNC_7_622#13,4.809999942779541
G_UNC_7_622#14,7.429999828338623
G_UNC_7_622#15,7.179999828338623
G_UNC_7_622#16,4.849999904632568
G_UNC_7_622#17,4.639999866485596
G_UNC_7_622#18,6.800000190734863
G_UNC_7_622#19,6.800000190734863
G_UNC_7_622#20,2.2899999618530273
G_UNC_7_622#21,5.159999847412109
G_UNC_7_622#22,3.490000009536743
G_UNC_7_622#23,2.640000104904175
G_UNC_7_622#24,5.25
G_UNC_7_628#0,3.0299999713897705
G_UNC_7_628#1,1.2400000095367432
G_UNC_7_628#2,5.949999809265137
G_UNC_7_630#0,7.75
G_UNC_7_630#1,6.150000095367432
G_UNC_7_634#0,3.309999942779541
G_UNC_7_634#1,4.96999979019165
G_UNC_7_634#2,3.5399999618530273
G_UNC_7_634#3,4.269999980926514
G_UNC_7_634#4,6.760000228881836
G_UNC_7_634#5,7.349999904632568
G_UNC_7_634#6,3.140000104904175
G_UNC_7_634#7,6.889999866485596
G_UNC_7_634#8,3.190000057220459
G_UNC_7_634#9,3.390000104904175
G_UNC_7_634#10,2.0899999141693115
G_UNC_7_634#11,4.03000020980835
G_UNC_7_638#0,4.559999942779541
G_UNC_7_638#1,6.980000019073486
G_UNC_7_638#2,5.260000228881836
G_UNC_7_638#3,4.650000095367432
G_UNC_7_640#0,4.230000019073486
G_UNC_7_640#1,3.9100000858306885
G_UNC_7_647#0,3.75
G_UNC_7_648#0,5.670000076293945
G_UNC_7_648#1,4.889999866485596
G_UNC_7_648#2,3.930000066757202
G_UNC_7_648#3,5.409999847412109
G_UNC_7_650#0,3.25
G_UNC_7_650#1,4.670000076293945
G_UNC_7_655#0,1.899999976158142
G_UNC_7_655#1,3.819999933242798
G_UNC_7_655#2,1.25
G_UNC_7_655#3,1.2400000095367432
G_UNC_7_663#0,8.680000305175781
G_UNC_7_663#1,5.940000057220459
G_UNC_7_687#0,4.150000095367432
G_UNC_7_687#1,5.349999904632568
G_UNC_7_687#2,2.740000009536743
G_UNC_7_687#3,8.579999923706055
G_UNC_7_687#4,6.159999847412109
G_UNC_7_687#5,3.799999952316284
G_UNC_7_687#6,4.099999904632568
G_UNC_7_687#7,3.359999895095825
G_UNC_7_687#8,4.840000152587891
G_UNC_7_687#9,4.079999923706055
G_UNC_7_687#10,3.3399999141693115
G_UNC_7_687#11,4.929999828338623
G_UNC_7_687#12,7.769999980926514
G_UNC_7_687#13,6.380000114440918
G_UNC_7_687#14,6.670000076293945
G_UNC_7_687#15,4.75
G_UNC_7_687#16,3.5999999046325684
G_UNC_7_687#17,2.4200000762939453
G_UNC_7_687#18,1.7699999809265137
G_UNC_7_687#19,6.710000038146973
G_UNC_7_687#20,2.069999933242798
G_UNC_7_687#21,6.210000038146973
G_UNC_7_720#0,2.559999942779541
G_UNC_7_720#1,1.6299999952316284
G_UNC_7_720#2,0.550000011920929
G_UNC_7_720#3,2.0
G_UNC_7_734#0,5.059999942779541
G_UNC_7_775#0,3.009999990463257
G_UNC_7_776#0,5.170000076293945
G_UNC_7_776#1,3.490000009536743
G_UNC_7_776#2,5.159999847412109
G_UNC_7_780#0,1.2400000095367432
G_UNC_7_780#1,6.5
G_UNC_7_780#2,1.7799999713897705
G_UNC_7_790#0,2.2699999809265137
G_UNC_7_790#1,6.159999847412109
G_UNC_7_790#2,3.2899999618530273
G_UNC_7_790#3,2.6600000858306885
G_UNC_7_790#4,7.880000114440918
G_UNC_7_790#5,9.350000381469727
G_UNC_7_790#6,4.730000019073486
G_UNC_7_790#7,9.319999694824219
G_UNC_7_790#8,7.75
G_UNC_7_790#9,5.070000171661377
G_UNC_7_790#10,3.680000066757202
G_UNC_7_790#11,5.760000228881836
G_UNC_7_790#12,3.619999885559082
G_UNC_7_790#13,2.819999933242798
G_UNC_7_790#14,4.849999904632568
G_UNC_7_790#15,3.8299999237060547
G_UNC_7_790#16,4.449999809265137
G_UNC_7_790#17,4.599999904632568
G_UNC_7_790#18,4.360000133514404
G_UNC_7_790#19,7.409999847412109
G_UNC_7_790#20,6.989999771118164
G_UNC_7_790#21,7.989999771118164
G_UNC_7_790#22,7.929999828338623
G_UNC_7_790#23,9.34000015258789
G_UNC_7_790#24,8.600000381469727
G_UNC_7_790#25,2.0
G_UNC_7_791#0,4.429999828338623
G_UNC_7_791#1,0.7200000286102295
G_UNC_7_791#2,2.4700000286102295
G_UNC_7_791#3,2.190000057220459
G_UNC_7_792#0,5.079999923706055
G_UNC_7_792#1,2.640000104904175
G_UNC_7_799#0,4.849999904632568
G_UNC_7_799#1,0.8999999761581421
G_UNC_7_799#2,2.049999952316284
G_UNC_7_802#0,4.789999961853027
G_UNC_7_802#1,1.1799999475479126
G_UNC_7_805#0,8.420000076293945
G_UNC_7_805#1,1.9199999570846558
G_UNC_7_805#2,1.7599999904632568
G_UNC_7_818#0,1.7599999904632568
G_UNC_7_818#1,4.800000190734863
G_UNC_7_818#2,4.159999847412109
G_UNC_7_819#0,4.550000190734863
G_UNC_7_819#1,6.659999847412109
G_UNC_7_819#2,5.349999904632568
G_UNC_7_824#0,4.199999809265137
G_UNC_7_827#0,7.179999828338623
G_UNC_7_827#1,3.1700000762939453
G_UNC_7_827#2,3.940000057220459
G_UNC_7_827#3,0.9599999785423279
G_UNC_7_827#4,2.259999990463257
G_UNC_7_827#5,1.75
G_UNC_7_827#6,5.690000057220459
G_UNC_7_827#7,4.550000190734863
G_UNC_7_833#0,9.390000343322754
G_UNC_7_833#1,8.199999809265137
G_UNC_7_833#2,6.570000171661377
G_UNC_7_833#3,6.329999923706055
G_UNC_7_833#4,6.210000038146973
G_UNC_7_833#5,6.340000152587891
G_UNC_7_833#6,8.119999885559082
G_UNC_7_833#7,6.380000114440918
G_UNC_7_833#8,9.289999961853027
G_UNC_7_833#9,7.429999828338623
G_UNC_7_833#10,7.329999923706055
G_UNC_7_833#11,4.860000133514404
G_UNC_7_833#12,9.609999656677246
G_UNC_7_833#13,7.809999942779541
G_UNC_7_833#14,7.420000076293945
G_UNC_7_833#15,8.5600004196167
G_UNC_7_833#16,5.579999923706055
G_UNC_7_833#17,6.760000228881836
G_UNC_7_833#18,6.059999942779541
G_UNC_7_833#19,8.649999618530273
G_UNC_7_833#20,4.590000152587891
G_UNC_7_833#21,6.159999847412109
G_UNC_7_833#22,6.389999866485596
G_UNC_7_833#23,7.019999980926514
G_UNC_7_833#24,6.489999771118164
G_UNC_7_833#25,3.4800000190734863
G_UNC_7_833#26,5.829999923706055
G_UNC_7_833#27,5.820000171661377
G_UNC_7_833#28,6.010000228881836
G_UNC_7_833#29,6.579999923706055
G_UNC_7_833#30,4.329999923706055
G_UNC_7_833#31,2.130000114440918
G_UNC_7_833#32,1.9299999475479126
G_UNC_7_833#33,9.390000343322754
G_UNC_7_833#34,8.199999809265137
G_UNC_7_833#35,6.570000171661377
G_UNC_7_833#36,6.329999923706055
G_UNC_7_833#37,6.210000038146973
G_UNC_7_833#38,6.340000152587891
G_UNC_7_833#39,8.119999885559082
G_UNC_7_833#40,9.289999961853027
G_UNC_7_833#41,7.429999828338623
G_UNC_7_833#42,4.860000133514404
G_UNC_7_833#43,9.609999656677246
G_UNC_7_833#44,7.809999942779541
G_UNC_7_833#45,7.420000076293945
G_UNC_7_833#46,8.5600004196167
G_UNC_7_833#47,5.579999923706055
G_UNC_7_833#48,6.760000228881836
G_UNC_7_841#0,6.96999979019165
G_UNC_7_869#0,8.59000015258789
G_UNC_7_869#1,3.9700000286102295
G_UNC_7_869#2,6.559999942779541
G_UNC_7_869#3,3.7799999713897705
G_UNC_7_880#0,4.230000019073486
G_UNC_7_880#1,7.130000114440918
G_UNC_7_880#2,7.039999961853027
G_UNC_7_890#0,3.440000057220459
G_UNC_7_890#1,5.630000114440918
G_UNC_7_901#0,4.789999961853027
G_UNC_7_901#1,4.340000152587891
G_UNC_7_911#0,4.820000171661377
G_UNC_7_920#0,0.699999988079071
G_UNC_7_920#1,4.21999979019165
G_UNC_7_920#2,3.759999990463257
G_UNC_7_920#3,2.380000114440918
G_UNC_7_920#4,1.8899999856948853
G_UNC_7_921#0,1.0
G_UNC_7_921#1,4.659999847412109
G_UNC_7_939#0,3.9000000953674316
G_UNC_7_939#1,1.7000000476837158
G_UNC_7_939#2,6.25
G_UNC_7_939#3,6.360000133514404
G_UNC_7_939#4,4.639999866485596
G_UNC_7_941#0,0.5299999713897705
G_UNC_7_941#1,4.829999923706055
G_UNC_7_941#2,1.909999966621399
G_UNC_7_944#0,4.010000228881836
G_UNC_7_944#1,8.039999961853027
G_UNC_7_949#0,2.319999933242798
G_UNC_7_949#1,3.049999952316284
G_UNC_7_949#2,2.0799999237060547
G_UNC_7_949#3,5.820000171661377
G_UNC_7_957#0,4.260000228881836
G_UNC_7_957#1,1.7799999713897705
G_UNC_7_961#0,0.8100000023841858
G_UNC_7_961#1,3.75
G_UNC_7_961#2,5.21999979019165
G_UNC_7_961#3,2.9600000381469727
G_UNC_7_961#4,4.820000171661377
G_UNC_7_961#5,4.800000190734863
G_UNC_7_965#0,2.7899999618530273
G_UNC_7_968#0,4.670000076293945
G_UNC_7_968#1,5.110000133514404
G_UNC_7_968#2,6.739999771118164
G_UNC_7_968#3,3.890000104904175
G_UNC_7_992#0,1.809999942779541
G_UNC_7_992#1,0.6600000262260437
G_UNC_7_992#2,4.78000020980835
G_UNC_7_1004#0,6.710000038146973
G_UNC_7_1004#1,2.740000009536743
G_UNC_7_1038#0,5.059999942779541
G_UNC_7_1038#1,1.7100000381469727
G_UNC_7_1043#0,4.630000114440918
G_UNC_7_1043#1,1.9600000381469727
G_UNC_7_1043#2,2.6600000858306885
G_UNC_7_1043#3,0.8399999737739563
G_UNC_7_1043#4,1.5099999904632568
G_UNC_7_1045#0,2.0899999141693115
G_UNC_7_1045#1,3.1600000858306885
G_UNC_7_1045#2,1.4299999475479126
G_UNC_7_1045#3,3.5
G_UNC_7_1045#4,0.47999998927116394
G_UNC_7_1049#0,3.0
G_UNC_7_1049#1,9.100000381469727
G_UNC_7_1056#0,2.809999942779541
G_UNC_7_1089#0,5.050000190734863
G_UNC_7_1089#1,1.1799999475479126
G_UNC_7_1089#2,4.260000228881836
G_UNC_7_1102#0,2.3399999141693115
G_UNC_7_1102#1,1.0399999618530273
G_UNC_7_1102#2,2.6700000762939453
G_UNC_7_1102#3,2.1700000762939453
G_UNC_7_1102#4,4.059999942779541
G_UNC_7_1102#5,4.739999771118164
G_UNC_7_1102#6,5.980000019073486
G_UNC_7_1117#0,9.029999732971191
G_UNC_7_1117#1,7.78000020980835
G_UNC_7_1117#2,8.670000076293945
G_UNC_7_1117#3,2.3499999046325684
G_UNC_7_1117#4,5.840000152587891
G_UNC_7_1117#5,6.170000076293945
G_UNC_7_1117#6,8.550000190734863
G_UNC_7_1117#7,8.979999542236328
G_UNC_7_1117#8,6.050000190734863
G_UNC_7_1117#9,6.71999979019165
G_UNC_7_1117#10,5.739999771118164
G_UNC_7_1117#11,8.09000015258789
G_UNC_7_1117#12,9.039999961853027
G_UNC_7_1117#13,4.559999942779541
G_UNC_7_1117#14,6.860000133514404
G_UNC_7_1117#15,8.4399995803833
G_UNC_7_1117#16,6.820000171661377
G_UNC_7_1117#17,5.380000114440918
G_UNC_7_1117#18,6.699999809265137
G_UNC_7_1117#19,6.610000133514404
G_UNC_7_1117#20,7.300000190734863
G_UNC_7_1117#21,6.889999866485596
G_UNC_7_1117#22,5.389999866485596
G_UNC_7_1117#23,6.630000114440918
G_UNC_7_1117#24,5.489999771118164
G_UNC_7_1117#25,7.710000038146973
G_UNC_7_1117#26,9.229999542236328
G_UNC_7_1117#27,9.510000228881836
G_UNC_7_1117#28,6.579999923706055
G_UNC_7_1117#29,8.779999732971191
G_UNC_7_1117#30,5.300000190734863
G_UNC_7_1117#31,6.829999923706055
G_UNC_7_1117#32,3.9700000286102295
G_UNC_7_1117#33,7.179999828338623
G_UNC_7_1117#34,3.130000114440918
G_UNC_7_1117#35,9.260000228881836
G_UNC_7_1117#36,9.010000228881836
G_UNC_7_1117#37,6.010000228881836
G_UNC_7_1117#38,3.940000057220459
G_UNC_7_1117#39,7.130000114440918
G_UNC_7_1117#40,6.179999828338623
G_UNC_7_1117#41,9.170000076293945
G_UNC_7_1117#42,4.039999961853027
G_UNC_7_1117#43,2.5899999141693115
G_UNC_7_1117#44,6.230000019073486
G_UNC_7_1117#45,2.9200000762939453
G_UNC_7_1117#46,6.940000057220459
G_UNC_7_1117#47,8.039999961853027
G_UNC_7_1117#48,2.440000057220459
G_UNC_7_1117#49,2.930000066757202
G_UNC_7_1140#0,3.6500000953674316
G_UNC_7_1140#1,3.009999990463257
G_UNC_7_1140#2,2.509999990463257
G_UNC_7_1159#0,2.9800000190734863
G_UNC_7_1159#1,5.769999980926514
G_UNC_7_1159#2,6.71999979019165
G_UNC_7_1187#0,2.880000114440918
G_UNC_7_1188#0,6.800000190734863
G_UNC_7_1188#1,6.210000038146973
G_UNC_7_1188#2,4.050000190734863
G_UNC_7_1188#3,4.010000228881836
G_UNC_7_1194#0,4.210000038146973
G_UNC_7_1194#1,5.889999866485596
G_UNC_7_1199#0,1.7599999904632568
G_UNC_7_1199#1,3.7300000190734863
G_UNC_7_1210#0,0.7900000214576721
G_UNC_7_1210#1,6.090000152587891
G_UNC_7_1210#2,1.4700000286102295
G_UNC_7_1236#0,3.440000057220459
G_UNC_7_1236#1,1.4900000095367432
G_UNC_7_1236#2,1.7599999904632568
G_UNC_7_1270#0,8.770000457763672
G_UNC_7_1298#0,3.890000104904175
G_UNC_7_1298#1,5.420000076293945
G_UNC_7_1376#0,1.159999966621399
G_UNC_7_1376#1,1.3200000524520874
G_UNC_7_1376#2,2.1600000858306885
G_UNC_7_1376#3,2.0
G_UNC_7_1376#4,1.6699999570846558
G_UNC_7_1410#0,1.2300000190734863
G_UNC_7_1410#1,4.159999847412109
G_UNC_7_1410#2,3.930000066757202
G_UNC_7_1410#3,4.170000076293945
G_UNC_7_1410#4,1.1699999570846558
G_UNC_7_1411#0,5.159999847412109
G_UNC_7_1422#0,1.100000023841858
G_UNC_7_1426#0,1.5800000429153442
G_UNC_7_1426#1,0.75
G_UNC_7_1430#0,3.930000066757202
G_UNC_7_1430#1,5.010000228881836
G_UNC_7_1430#2,5.420000076293945
G_UNC_7_1430#3,4.690000057220459
G_UNC_7_1430#4,3.5799999237060547
G_UNC_7_1430#5,1.9299999475479126
G_UNC_7_1439#0,1.559999942779541
G_UNC_7_1439#1,1.3700000047683716
G_UNC_7_1439#2,4.119999885559082
G_UNC_7_1439#3,4.619999885559082
G_UNC_7_1439#4,4.440000057220459
G_UNC_7_1439#5,2.5999999046325684
G_UNC_7_1452#0,4.679999828338623
G_UNC_7_1471#0,2.4200000762939453
G_UNC_7_1471#1,2.109999895095825
G_UNC_7_1474#0,1.190000057220459
G_UNC_7_1474#1,6.449999809265137
G_UNC_7_1503#0,8.869999885559082
G_UNC_7_1503#1,5.579999923706055
G_UNC_7_1503#2,9.319999694824219
G_UNC_7_1503#3,7.909999847412109
G_UNC_7_1516#0,6.159999847412109
G_UNC_7_1516#1,5.070000171661377
G_UNC_7_1516#2,7.190000057220459
G_UNC_7_1516#3,3.630000114440918
G_UNC_7_1516#4,7.099999904632568
G_UNC_7_1516#5,3.369999885559082
G_UNC_7_1516#6,3.5
G_UNC_7_1523#0,3.7100000381469727
G_UNC_7_1527#0,2.2699999809265137
G_UNC_7_1529#0,4.159999847412109
G_UNC_7_1529#1,7.889999866485596
G_UNC_7_1529#2,7.889999866485596
G_UNC_7_1529#3,4.159999847412109
G_UNC_7_1552#0,4.460000038146973
G_UNC_7_1552#1,3.1700000762939453
G_UNC_7_1552#2,3.119999885559082
G_UNC_7_1552#3,5.03000020980835
G_UNC_7_1552#4,6.070000171661377
G_UNC_7_1552#5,1.8300000429153442
G_UNC_7_1552#6,7.25
G_UNC_7_1552#7,3.440000057220459
G_UNC_7_1574#0,6.190000057220459
G_UNC_7_1587#0,4.260000228881836
G_UNC_7_1587#1,2.140000104904175
G_UNC_7_1587#2,2.9700000286102295
G_UNC_7_1587#3,2.7699999809265137
G_UNC_7_1587#4,6.679999828338623
G_UNC_7_1587#5,5.949999809265137
G_UNC_7_1587#6,3.2699999809265137
G_UNC_7_1587#7,4.019999980926514
G_UNC_7_1587#8,2.680000066757202
G_UNC_7_1587#9,1.4600000381469727
G_UNC_7_1587#10,2.700000047683716
G_UNC_7_1587#11,1.7000000476837158
G_UNC_7_1587#12,0.3400000035762787
G_UNC_7_1587#13,1.899999976158142
G_UNC_7_1587#14,4.199999809265137
G_UNC_7_1587#15,1.3200000524520874
G_UNC_7_1587#16,1.4299999475479126
G_UNC_7_1587#17,2.240000009536743
G_UNC_7_1587#18,4.929999828338623
G_UNC_7_1587#19,5.110000133514404
G_UNC_7_1590#0,4.230000019073486
G_UNC_7_1590#1,2.869999885559082
G_UNC_7_1663#0,3.299999952316284
G_UNC_7_1663#1,8.729999542236328
G_UNC_7_1667#0,3.180000066757202
G_UNC_7_1668#0,5.059999942779541
G_UNC_7_1671#0,2.680000066757202
G_UNC_7_1700#0,3.759999990463257
G_UNC_7_1705#0,3.319999933242798
G_UNC_7_1705#1,3.450000047683716
G_UNC_7_1705#2,3.119999885559082
G_UNC_7_1712#0,2.75
G_UNC_7_1723#0,0.8399999737739563
G_UNC_7_1723#1,3.4800000190734863
G_UNC_7_1723#2,2.069999933242798
G_UNC_7_1723#3,2.9100000858306885
G_UNC_7_1723#4,2.759999990463257
G_UNC_7_1746#0,3.5299999713897705
G_UNC_7_1746#1,2.0899999141693115
G_UNC_7_1746#2,3.200000047683716
G_UNC_7_1756#0,2.390000104904175
G_UNC_7_1772#0,4.119999885559082
G_UNC_7_1779#0,3.2899999618530273
G_UNC_7_1786#0,5.230000019073486
G_UNC_7_1786#1,5.840000152587891
G_UNC_7_1804#0,4.28000020980835
G_UNC_7_1804#1,4.099999904632568
G_UNC_7_1804#2,2.0399999618530273
G_UNC_7_1804#3,1.8700000047683716
G_UNC_7_1804#4,3.180000066757202
G_UNC_7_1832#0,2.5
G_UNC_7_1832#1,2.0199999809265137
G_UNC_7_1832#2,9.40999984741211
G_UNC_7_1832#3,8.710000038146973
G_UNC_7_1838#0,2.4200000762939453
G_UNC_7_1838#1,1.4299999475479126
G_UNC_7_1841#0,4.320000171661377
G_UNC_7_1844#0,7.050000190734863
G_UNC_7_1848#0,3.130000114440918
G_UNC_7_1848#1,3.8399999141693115
G_UNC_7_1848#2,8.890000343322754
G_UNC_7_1883#0,1.190000057220459
G_UNC_7_1883#1,2.75
G_UNC_7_1884#0,6.369999885559082
G_UNC_7_1884#1,3.359999895095825
G_UNC_7_1888#0,7.630000114440918
G_UNC_7_1905#0,4.0
G_UNC_7_1905#1,7.159999847412109
G_UNC_7_1905#2,8.729999542236328
G_UNC_7_1905#3,6.75
G_UNC_7_1905#4,5.150000095367432
G_UNC_7_1905#5,7.449999809265137
G_UNC_7_1905#6,0.4399999976158142
G_UNC_7_1905#7,7.630000114440918
G_UNC_7_1905#8,6.260000228881836
G_UNC_7_1916#0,2.859999895095825
G_UNC_7_1918#0,4.130000114440918
G_UNC_7_1918#1,3.259999990463257
G_UNC_7_1930#0,4.130000114440918
G_UNC_7_1930#1,3.0299999713897705
G_UNC_7_1954#0,0.8999999761581421
G_UNC_7_1960#0,4.849999904632568
G_UNC_7_1992#0,3.430000066757202
G_UNC_7_2005#0,4.25
G_UNC_7_2005#1,1.9800000190734863
G_UNC_7_2005#2,2.0299999713897705
G_UNC_7_2023#0,4.269999980926514
G_UNC_7_2023#1,1.5499999523162842
G_UNC_7_2023#2,4.769999980926514
G_UNC_7_2029#0,5.119999885559082
G_UNC_7_2029#1,6.610000133514404
G_UNC_7_2040#0,4.920000076293945
G_UNC_7_2061#0,5.769999980926514
G_UNC_7_2073#0,3.609999895095825
G_UNC_7_2073#1,1.2100000381469727
G_UNC_7_2073#2,6.099999904632568
G_UNC_7_2073#3,4.210000038146973
G_UNC_7_2073#4,3.009999990463257
G_UNC_7_2073#5,2.049999952316284
G_UNC_7_2073#6,3.880000114440918
G_UNC_7_2090#0,2.380000114440918
G_UNC_7_2090#1,1.1299999952316284
G_UNC_7_2097#0,4.880000114440918
G_UNC_7_2117#0,6.230000019073486
G_UNC_7_2117#1,8.020000457763672
G_UNC_7_2117#2,2.25
G_UNC_7_2137#0,6.860000133514404
G_UNC_7_2137#1,4.300000190734863
G_UNC_7_2145#0,3.869999885559082
G_UNC_7_2145#1,1.25
G_UNC_7_2145#2,0.4300000071525574
G_UNC_7_2162#0,3.690000057220459
G_UNC_7_2163#0,4.329999923706055
G_UNC_7_2185#0,5.679999828338623
G_UNC_7_2198#0,5.579999923706055
G_UNC_7_2198#1,7.619999885559082
G_UNC_7_2198#2,7.300000190734863
G_UNC_7_2198#3,3.75
G_UNC_7_2198#4,4.380000114440918
G_UNC_7_2223#0,4.480000019073486
G_UNC_7_2225#0,4.28000020980835
G_UNC_7_2232#0,3.309999942779541
G_UNC_7_2273#0,4.760000228881836
G_UNC_7_2288#0,5.010000228881836
G_UNC_7_2288#1,2.690000057220459
G_UNC_7_2289#0,3.0199999809265137
G_UNC_7_2289#1,3.559999942779541
G_UNC_7_2289#2,6.699999809265137
G_UNC_7_2289#3,4.309999942779541
G_UNC_7_2289#4,5.800000190734863
G_UNC_7_2289#5,4.079999923706055
G_UNC_7_2292#0,1.940000057220459
G_UNC_7_2313#0,6.360000133514404
G_UNC_7_2313#1,3.8299999237060547
G_UNC_7_2313#2,3.759999990463257
G_UNC_7_2314#0,6.010000228881836
G_UNC_7_2314#1,3.0999999046325684
G_UNC_7_2314#2,7.349999904632568
G_UNC_7_2329#0,3.5299999713897705
G_UNC_7_2337#0,7.260000228881836
G_UNC_7_2364#0,3.819999933242798
G_UNC_7_2364#1,4.75
G_UNC_7_2364#2,5.590000152587891
G_UNC_7_2364#3,4.809999942779541
G_UNC_7_2364#4,2.309999942779541
G_UNC_7_2364#5,4.429999828338623
G_UNC_7_2364#6,6.75
G_UNC_7_2364#7,1.7400000095367432
G_UNC_7_2364#8,4.090000152587891
G_UNC_7_2364#9,1.8700000047683716
G_UNC_7_2364#10,5.769999980926514
G_UNC_7_2364#11,4.679999828338623
G_UNC_7_2372#0,3.0899999141693115
G_UNC_7_2387#0,4.070000171661377
G_UNC_7_2402#0,7.639999866485596
G_UNC_7_2402#1,7.579999923706055
G_UNC_7_2417#0,4.53000020980835
G_UNC_7_2427#0,8.510000228881836
G_UNC_7_2427#1,4.820000171661377
G_UNC_7_2427#2,3.559999942779541
G_UNC_7_2427#3,2.3499999046325684
G_UNC_7_2427#4,2.2799999713897705
G_UNC_7_2427#5,3.140000104904175
G_UNC_7_2427#6,3.190000057220459
G_UNC_7_2427#7,2.9200000762939453
G_UNC_7_2427#8,5.110000133514404
G_UNC_7_2452#0,5.739999771118164
G_UNC_7_2486#0,3.859999895095825
G_UNC_7_2497#0,3.819999933242798
G_UNC_7_2668#0,6.039999961853027
G_UNC_7_2668#1,0.36000001430511475
G_UNC_7_2668#2,1.0399999618530273
G_UNC_7_2668#3,2.940000057220459
G_UNC_7_2668#4,3.8399999141693115
G_UNC_7_2668#5,0.6499999761581421
G_UNC_7_2843#0,1.1200000047683716
G_UNC_7_2843#1,1.2599999904632568
G_UNC_7_2843#2,1.4900000095367432
G_UNC_7_2928#0,2.0299999713897705
G_UNC_7_2928#1,8.899999618530273
G_UNC_7_3084#0,5.090000152587891
G_UNC_7_3087#0,6.449999809265137
G_GT_1_0#0,6.190000057220459
G_GT_1_0#1,5.039999961853027
G_GT_5_4#0,4.849999904632568
G_GT_6_482#0,7.320000171661377
G_GT_6_482#1,5.340000152587891
G_GT_6_482#2,4.050000190734863
G_GT_6_482#3,5.230000019073486
G_GT_6_482#4,6.550000190734863
G_GT_6_482#5,5.409999847412109
G_GT_6_482#6,2.119999885559082
G_GT_6_486#1,3.180000066757202
