topic,count,keywords,llm_name,llm_description,coherence
0,1482,"class, classes, transfer, cs, major, semester, course, just, know, math",Academic Planning & Course Registration,"Students discuss class registration, major changes, transfer pathways, and course selection for upcoming semesters.",high
1,1230,"program, research, cs, student, job, students, like, internship, experience, know",Academic & Career Development,"Students discuss computer science programs, research opportunities, internships, jobs, and graduate school options.",high
2,880,"housing, campus, apartment, room, lease, just, rent, looking, apartments, live",Housing & Campus Life,"Mixed cluster of campus housing discussions, sublets, waitlists, and unrelated topics like protests, dining, and student services.",low
3,1041,"survey, club, join, interested, students, link, looking, project, free, team",Student Organizations & Events,"Posts about clubs, student groups, volunteer opportunities, campus events, and related petitions or projects.",high
4,361,"tickets, game, ticket, graduation, commencement, football, ceremony, student, bobby dodd, bobby",Event Ticketing,"Discussions about buying, selling, and obtaining tickets for graduation ceremonies and athletic events.",high
5,466,"game, jackets, coach, team, football, win, gameday, season, key, won",Georgia Tech Football,"Discussions about Georgia Tech football games, coaching changes, wins, gameday events, and fan activities.",high
6,260,"dining, meal, food, dollars, dining dollars, plan, meal plan, dining hall, swipes, hall",Campus Dining,"Discussions about meal plans, dining halls, food quality, and related campus dining services.",high
7,366,"parking, bike, car, campus, park, gtpd, bus, drive, scooter, street",Transportation & Parking,"Campus commuting, parking, biking, scooters, and street safety issues and policies.",high
8,213,"photos, campus, tower, photographers, photography, grad, photo, filming, pictures, pics",Campus Photography,"Posts discussing photography, filming, and photo shoots on campus, including grad photos, event coverage, and tips for capturing campus scenes.",high
9,170,"print, use, laptop, campus, monitor, printing, studio, know, windows, library",Printing & Tech Resources,"Campus printing services, maker spaces, laptop and computer support, and related tech resources.",high
10,141,"eduroam, access, duo, login, connect, wifi, issues, sso, issue, log",Campus IT Support,"Students and staff report problems with campus network, Wi‑Fi, login, and other IT services such as eduroam, Duo, and DNS.",high
11,119,"insurance, health, stamps, health insurance, students, student, student health, help, mental, healthcare",Student Health & Insurance,"Discussion of student health insurance fees, campus health services, and mental health resources.",high
12,446,"like, feel, just, people, time, friends, really, know, make, feel like",Social & Mental Health,"Students sharing feelings of isolation, friendship challenges, mental health struggles, and coping strategies.",high
13,143,"frats, university, people, students, campus, frat, student, lol, think, just",Campus Life & Student Experiences,"A heterogeneous cluster covering fraternity/sorority culture, campus events, student complaints, and political activism.",mixed
14,112,"email, constitution, diploma, day, package, access, address, packages, citizenship, citizenship day",Campus Services & Administration,"Heterogeneous cluster covering mail and package handling, diploma issuance, email forwarding, and occasional holiday observances such as Constitution and Citizenship Day.",mixed
15,121,"waitlist, registration, class, oscar, waitlists, classes, register, phase, scheduler, course",Registration & Waitlists,"Discussions about the university's course registration system, waitlist mechanics, and related technical issues.",high
16,99,"email, phishing, scam, emails, account, cyber, donate, accounts, organization, accbf",Email Phishing & Scams,"Campus community alerts and discussions about phishing emails, scam organizations, and fraudulent messages targeting student accounts and personal information.",high
17,76,"cat, pups, squirrel, campus, parents pups, cats, lost, green, parents, puppy",Campus Wildlife & Stray Animals,"Discussions about stray cats, dogs, squirrels, and other animals on campus, including sightings, lost pets, and adoption efforts.",high
18,72,"quant, threads, thread, quant quant, cs, cybersecurity, info, sysarch, classes, cybersecurity thread",Computer Science Threads,"Students discuss choosing CS threads, course recommendations, and career paths such as quant finance and cybersecurity.",high
19,47,"vote, voting, election, ballot, address, voter, register, license, register vote, november",Voting & Elections,"Campus discussion about voter registration, election dates, and civic engagement.",high
20,54,"crc, gym, fitness, workout, pool, swim, membership, weights, fitness classes, laps",Campus Recreation Center,"Information and discussions about the university's gym, fitness classes, equipment, and best times to use the CRC.",high
21,47,"buzz, barry, adam, yellow, jacket, yellow jacket, barry adam, janet, mascot, bees",Mascot & School Spirit,"A mix of posts about Georgia Tech’s mascot Buzz the Yellow Jacket, fan projects, creative fan fiction, and unrelated content.",mixed
22,39,"gtens, noon, test, siren, today, 12 noon, siren warning, warning, outdoor siren, today 12",Campus News & Alerts,"Heterogeneous cluster of campus discourse: safety siren tests, protests, academic tests, sports, art, weather.",low
23,31,"ai, ai safety, safety, safety initiative, initiative, students, future, ai alignment, alignment, seminar",AI Safety & Policy,"Campus discussions and student initiatives focused on AI safety, alignment, and responsible use of generative AI.",high
24,33,"bus, stinger, shelters, stingerette, buses, ok, stinger buses, stingers, jackets computer, computer programming",Campus Transportation,"Discussion about the university's Stinger bus service, scheduling, usage, and related complaints.",high
25,28,"meta thread, meta, thread, place, mods, additionsdeletionschanges, additionsdeletionschanges remember, place mods, month 1200, mods announce",Subreddit Meta & Moderation,"A heterogeneous cluster covering subreddit moderation, monthly meta threads, campus resource requests, and protest posts.",mixed
26,26,"laundry, wash, washers, laundry room, wear deodorant, magnet, deodorant, shower, car wash, wear",Laundry & Hygiene,"Campus laundry facilities, maintenance issues, and personal hygiene practices such as showering and deodorant use.",high
27,26,"jared, best lecturer, lecturer, jared vennett, vennett, class, best, baum, mark baum, national",Favorite Professors,"Posts discussing favorite or best professors and lecturers at the university, often in the context of national teachers appreciation day or personal anecdotes.",high
28,28,"love love, love, slang, seriously depressed, kids seriously, guys love, love hate, kids, depressed, hate",Campus Culture & Student Life,"A heterogeneous cluster covering student slang, love/hate attitudes toward GT, mental health concerns, sports fandom, and campus controversies.",mixed
